FeatureID,ESTADO,TsTime,TsValue,TsValue_normalized,AquiferID
va-47,Activo,6/22/2017,-6.51,-6.51,1
va-49,Activo,6/22/2017,-1.62,-1.62,1
Va-49,Activo,11/3/2016,-1.96,-1.96,1
va-53,Activo,6/22/2017,-5.62,-5.62,1
va-54,Activo,6/22/2017,-6.35,-6.35,1
va-55,Activo,6/22/2017,-7.6,-7.6,1
va-56,Activo,6/22/2017,-9.5,-9.5,1
va-57,Activo,6/22/2017,-5.9,-5.9,1
va-58,Activo,6/15/2017,-2.24,-2.24,1
va-59,Activo,6/15/2017,-2.98,-2.98,1
van-19,Activo,6/28/2017,-3.05,-3.05,1
vb-1,Activo,6/8/2017,-8,-8,1
vb-103,Activo,6/2/2017,-14.8,-14.8,1
vb-105,Activo,6/12/2017,-10.22,-10.22,1
vb-106,Activo,6/7/2017,-5.2,-5.2,1
vb-114,Activo,6/6/2017,-1.37,-1.37,1
vb-115,Activo,6/9/2017,-3.9,-3.9,1
vb-116,Activo,6/5/2017,-13.2,-13.2,1
vb-118,Activo,6/5/2017,-1.46,-1.46,1
vb-119,Activo,6/5/2017,-2.04,-2.04,1
vb-121,Activo,6/5/2017,-7.12,-7.12,1
vb-122,Activo,6/5/2017,-17.58,-17.58,1
vb-124,Activo,6/2/2017,-27.8,-27.8,1
vb-125,Activo,6/9/2017,-7.52,-7.52,1
Vb-127,Activo,10/24/2016,-24.44,-24.44,1
vb-130,Activo,6/9/2017,-2.76,-2.76,1
vb-133,Activo,6/27/2017,-24.73,-24.73,1
Vb-134,Activo,10/11/2016,-7.61,-7.61,1
vb-135,Activo,6/5/2017,-2.38,-2.38,1
vb-138,Activo,6/5/2017,-3.1,-3.1,1
vb-139,Activo,6/9/2017,-6.22,-6.22,1
vb-145,Activo,6/12/2017,-3.31,-3.31,1
vb-147,Activo,6/6/2017,-34.2,-34.2,1
vb-148,Activo,6/5/2017,-34.76,-34.76,1
vb-152,Activo,6/6/2017,-4.04,-4.04,1
vb-153,Activo,6/8/2017,-14.84,-14.84,1
vb-155,Activo,6/5/2017,-32.58,-32.58,1
vb-166,Activo,6/8/2017,-4.85,-4.85,1
vb-172,Activo,6/7/2017,-4.64,-4.64,1
vb-175,Activo,6/8/2017,-18.25,-18.25,1
Vb-175,Activo,10/12/2016,-27.7,-27.7,1
vb-184,Activo,6/9/2017,-8.52,-8.52,1
Vb-186,Activo,6/9/2017,-4.61,-4.61,1
vb-188,Activo,6/2/2017,-1.26,-1.26,1
vb-189,Activo,6/8/2017,-18.12,-18.12,1
vb-190,Activo,6/8/2017,-23.94,-23.94,1
Vb-196,Activo,6/8/2017,-6.06,-6.06,1
vb-198,Activo,6/7/2017,-0.85,-0.85,1
vb-199,Activo,6/6/2017,-12.92,-12.92,1
vb-2,Activo,6/2/2017,-7.6,-7.6,1
vb-201,Activo,6/2/2017,-7.36,-7.36,1
vb-202,Activo,6/7/2017,-24.84,-24.84,1
vb-205,Activo,6/2/2017,-4.22,-4.22,1
vb-210,Activo,6/8/2017,-14.42,-14.42,1
vb-211,Activo,6/8/2017,-5.96,-5.96,1
vb-213,Activo,6/2/2017,-8.46,-8.46,1
vb-214,Activo,6/8/2017,-6.72,-6.72,1
vb-216,Activo,6/8/2017,-19.56,-19.56,1
vb-221,Activo,6/9/2017,-1.36,-1.36,1
vb-71,Activo,6/5/2017,-10.88,-10.88,1
vbg-71,Activo,6/16/2017,-44.8,-44.8,1
vbg-73,Activo,6/15/2017,-10.52,-10.52,1
Vbg-73,Activo,10/24/2016,-10.74,-10.74,1
vbg-87,Activo,6/15/2017,-1.02,-1.02,1
vbg-94,Activo,6/23/2017,-7.28,-7.28,1
vbg-95,Activo,6/15/2017,-2.8,-2.8,1
vbo-28,Activo,6/29/2017,-5.01,-5.01,1
Vc-105,Activo,6/2/2017,-2.4,-2.4,1
Vc-110,Activo,11/23/2016,-7.29,-7.29,1
Vc-111,Activo,6/21/2017,-7.16,-7.16,1
Vc-113,Activo,6/6/2017,-4.18,-4.18,1
Vc-118,Activo,11/23/2016,-7.48,-7.48,1
Vc-122,Activo,6/2/2017,-4.12,-4.12,1
Vc-122,Activo,11/24/2016,-6.46,-6.46,1
Vc-127,Activo,6/2/2017,-7.14,-7.14,1
Vc-130,Activo,6/7/2017,-8.62,-8.62,1
Vc-230,Activo,6/7/2017,-4.69,-4.69,1
Vc-377,Activo,6/27/2017,-12,-12,1
Vc-476,Activo,6/1/2017,-5.4,-5.4,1
Vc-479,Activo,6/2/2017,-2.68,-2.68,1
Vc-501,Activo,6/2/2017,-3.09,-3.09,1
Vc-640,Activo,6/27/2017,-3.64,-3.64,1
Vc-640,Activo,11/21/2016,-2.77,-2.77,1
Vc-653,Activo,11/21/2016,-5.64,-5.64,1
Vc-658,Activo,11/22/2016,-4.38,-4.38,1
Vc-664,Activo,6/5/2017,-9.78,-9.78,1
Vc-664,Activo,11/23/2016,-11.82,-11.82,1
Vc-666,Activo,6/6/2017,-13.31,-13.31,1
Vc-666,Activo,11/24/2016,-9.83,-9.83,1
Vc-671,Activo,6/6/2017,-9.65,-9.65,1
Vc-676,Activo,6/7/2017,-45.8,-45.8,1
Vc-677,Activo,6/7/2017,-8.94,-8.94,1
Vc-678,Activo,6/6/2017,-1.98,-1.98,1
Vc-678,Activo,11/23/2016,-3.37,-3.37,1
Vc-682,Activo,6/7/2017,-8.65,-8.65,1
Vc-686,Activo,11/23/2016,-7.03,-7.03,1
Vc-688,Activo,6/5/2017,-24.94,-24.94,1
Vc-688,Activo,11/23/2016,-22.34,-22.34,1
Vc-689,Activo,6/6/2017,-48.36,-48.36,1
Vc-69,Activo,6/6/2017,-11.22,-11.22,1
Vc-69,Activo,11/24/2016,-5.81,-5.81,1
Vc-718,Activo,6/7/2017,-2.21,-2.21,1
Vc-719,Activo,6/7/2017,-29.16,-29.16,1
Vc-719,Activo,11/22/2016,-31.3,-31.3,1
Vc-749,Activo,11/24/2016,-13.92,-13.92,1
Vc-756,Activo,6/6/2017,-2.19,-2.19,1
Vc-761,Activo,6/7/2017,-2.72,-2.72,1
Vc-761,Activo,11/22/2016,-20.08,-20.08,1
Vc-762,Activo,6/6/2017,-19.36,-19.36,1
Vc-762,Activo,11/23/2016,-20.82,-20.82,1
Vc-78,Activo,6/2/2017,-4.46,-4.46,1
Vc-78,Activo,11/25/2016,-7.05,-7.05,1
Vc-80,Activo,11/25/2016,-5.9,-5.9,1
Vc-816,Activo,6/7/2017,-2.37,-2.37,1
Vc-820,Activo,6/5/2017,-4.45,-4.45,1
Vc-821,Activo,6/5/2017,-23.52,-23.52,1
Vc-822,Activo,6/5/2017,-5.79,-5.79,1
Vc-823,Activo,6/5/2017,-17,-17,1
Vc-824,Activo,6/27/2017,-24.12,-24.12,1
Vc-825,Activo,6/7/2017,-22,-22,1
Vc-827,Activo,6/5/2017,-2.46,-2.46,1
Vc-828,Activo,6/5/2017,-2.12,-2.12,1
Vc-829,Activo,6/5/2017,-2.92,-2.92,1
Vc-830,Activo,6/5/2017,-4.33,-4.33,1
Vc-831,Activo,6/27/2017,-4.98,-4.98,1
Vc-833,Activo,6/7/2017,-13.54,-13.54,1
Vc-834,Activo,6/27/2017,-34.32,-34.32,1
Vc-836,Activo,6/27/2017,-7.24,-7.24,1
Vc-840,Activo,6/27/2017,-2.67,-2.67,1
Vc-841,Activo,6/7/2017,-2.78,-2.78,1
Vc-842,Activo,6/7/2017,-7.67,-7.67,1
Vc-845,Activo,6/7/2017,-3.17,-3.17,1
Vc-846,Activo,6/7/2017,-15.56,-15.56,1
Vc-847,Activo,6/27/2017,-7.65,-7.65,1
Vc-849,Activo,6/7/2017,-4,-4,1
Vc-850,Activo,6/7/2017,-2.73,-2.73,1
Vc-851,Activo,6/1/2017,-7.51,-7.51,1
Vc-852,Activo,6/6/2017,-1.37,-1.37,1
Vc-853,Activo,6/5/2017,-19.04,-19.04,1
Vc-859,Activo,6/7/2017,-7.04,-7.04,1
Vc-861,Activo,6/7/2017,-1.07,-1.07,1
Vc-865,Activo,6/27/2017,-4.36,-4.36,1
Vce-1,Abandonado,7/29/2016,-3.98,-3.98,1
Vce-1,AB ,12/12/2016,-2.67,-2.67,1
Vce-10,Activo,7/12/2016,-3,-3,1
Vce-102,Activo,7/12/2016,-1.8,-1.8,1
Vce-103,Activo,8/2/2016,-6.73,-6.73,1
Vce-103,Activo,12/6/2016,-4.87,-4.87,1
Vce-103,Activo,6/7/2017,-4.32,-4.32,1
Vce-107,Activo,7/11/2016,-20,-20,1
Vce-108,Activo,7/13/2016,-39,-39,1
Vce-108,Activo,12/5/2016,-3.94,-3.94,1
Vce-108,Activo,6/6/2017,-3.74,-3.74,1
Vce-109,Activo,6/12/2017,-1.66,-1.66,1
Vce-11,Activo,12/16/2016,-4.77,-4.77,1
Vce-11,Activo,6/6/2017,-3.4,-3.4,1
Vce-110,Activo,6/13/2017,-3.53,-3.53,1
Vce-111,Activo,12/16/2016,-4.45,-4.45,1
Vce-112,sellado,12/2/2016,-5.21,-5.21,1
Vce-114,AB ,12/7/2016,-4.96,-4.96,1
Vce-115,Abandonado,7/22/2016,-2.6,-2.6,1
Vce-116,Activo,7/12/2016,-7.62,-7.62,1
Vce-116,Activo,12/20/2016,-1.33,-1.33,1
Vce-116,Activo,6/7/2017,-2.98,-2.98,1
Vce-117,Activo,7/13/2016,-5.74,-5.74,1
Vce-117,Activo,12/6/2016,-2.74,-2.74,1
Vce-117,Activo,6/6/2017,-2.28,-2.28,1
Vce-12,Abandonado,8/2/2016,-18.73,-18.73,1
Vce-12,AB ,12/7/2016,-5.66,-5.66,1
Vce-12,Activo,12/7/2016,-5.66,-5.66,1
Vce-120,Activo,7/15/2016,-3.04,-3.04,1
Vce-120,Activo,12/14/2016,-1.77,-1.77,1
Vce-120,Activo,6/13/2017,-2.27,-2.27,1
Vce-121,Activo,12/6/2016,-3.51,-3.51,1
Vce-121,Activo,6/6/2017,-3.54,-3.54,1
Vce-122,Activo,12/6/2016,-3.28,-3.28,1
Vce-122,Activo,6/5/2017,-3.3,-3.3,1
Vce-123,Activo,7/12/2016,-22.16,-22.16,1
Vce-129,Inactivo,12/12/2016,-4.5,-4.5,1
Vce-13,Abandonado,8/2/2016,-15.4,-15.4,1
Vce-131,Activo,8/2/2016,-9.32,-9.32,1
Vce-131,Activo,12/6/2016,-5.42,-5.42,1
Vce-131,Activo,6/7/2017,-4.92,-4.92,1
Vce-132,Abandonado,7/22/2016,-4.1,-4.1,1
Vce-132,Activo,6/12/2017,-1.73,-1.73,1
Vce-135,Activo,7/29/2016,-4.3,-4.3,1
Vce-135,Activo,12/14/2016,-3.31,-3.31,1
Vce-135,Activo,6/12/2017,-2.77,-2.77,1
Vce-136,Activo,12/14/2016,-2.08,-2.08,1
Vce-136,Activo,6/13/2017,-2.23,-2.23,1
Vce-139,Activo,6/7/2017,-1.9,-1.9,1
Vce-141,Activo,12/13/2016,-2.88,-2.88,1
Vce-141,Activo,6/12/2017,-3.15,-3.15,1
Vce-142,Activo,12/5/2016,-3.29,-3.29,1
Vce-142,Activo,6/6/2017,-1.38,-1.38,1
Vce-143,Activo,7/11/2016,-9.96,-9.96,1
Vce-143,Activo,11/30/2016,-7.66,-7.66,1
Vce-143,Activo,11/30/2016,-7.66,-7.66,1
Vce-145,Activo,6/6/2017,-1.53,-1.53,1
Vce-146,Activo,12/7/2016,-2.22,-2.22,1
Vce-15,Activo,8/1/2016,-3.7,-3.7,1
Vce-15,Activo,12/5/2016,-2.64,-2.64,1
Vce-15,Activo,6/6/2017,-1.85,-1.85,1
Vce-154,Inactivo,12/12/2016,-3.18,-3.18,1
Vce-155,Activo,12/12/2016,-4.31,-4.31,1
Vce-155,Activo,6/9/2017,-0.25,-0.25,1
Vce-158,Activo,6/14/2017,-2.38,-2.38,1
Vce-16,Abandonado,7/14/2016,-7.43,-7.43,1
Vce-160,Activo,6/14/2017,-2.09,-2.09,1
Vce-161,Activo,6/14/2017,-2.74,-2.74,1
Vce-162,Activo,12/14/2016,-3.46,-3.46,1
Vce-163,Activo,12/2/2016,-5.78,-5.78,1
Vce-163,Activo,6/5/2017,-6.06,-6.06,1
Vce-164,Activo,11/30/2016,-25.3,-25.3,1
Vce-164,Activo,6/2/2017,-23.62,-23.62,1
Vce-165,Activo,12/13/2016,-2.35,-2.35,1
Vce-165,Activo,6/12/2017,-1.91,-1.91,1
Vce-165,Activo,12/13/2016,-2.35,-2.35,1
Vce-166,Activo,7/29/2016,-23.93,-23.93,1
Vce-166,Activo,12/13/2016,-3.08,-3.08,1
Vce-166,Activo,6/12/2017,-2.7,-2.7,1
Vce-168,Activo,7/12/2016,-6.12,-6.12,1
Vce-168,Activo,12/20/2016,-0.92,-0.92,1
Vce-168,Activo,6/7/2017,-1.45,-1.45,1
Vce-168,Activo,12/20/2016,-0.92,-0.92,1
Vce-169,Activo,6/12/2017,-1.85,-1.85,1
Vce-17,Activo,7/13/2016,-22.8,-22.8,1
Vce-17,Activo,12/6/2016,-2.19,-2.19,1
Vce-170,Activo,7/22/2016,-6.71,-6.71,1
Vce-170,Activo,12/12/2016,-3.46,-3.46,1
Vce-170,Activo,6/9/2017,-2.4,-2.4,1
Vce-173,Abandonado,7/22/2016,-8.59,-8.59,1
Vce-173,AB ,12/12/2016,-2.98,-2.98,1
Vce-173,Activo,12/12/2016,-2.98,-2.98,1
Vce-174,Activo,6/12/2017,-1.84,-1.84,1
Vce-175,Abandonado,8/4/2016,-3.06,-3.06,1
Vce-175,AB ,12/6/2016,-2.2,-2.2,1
Vce-176,Activo,7/14/2016,-32.9,-32.9,1
Vce-176,Activo,12/14/2016,-3.55,-3.55,1
Vce-176,Activo,6/8/2017,-6.11,-6.11,1
Vce-177,Activo,6/15/2017,-2.55,-2.55,1
Vce-179,Activo,8/4/2016,-4.87,-4.87,1
Vce-179,Activo,12/13/2016,-2.41,-2.41,1
Vce-179,Activo,6/13/2017,-1.87,-1.87,1
Vce-18,Abandonado,7/14/2016,-7.51,-7.51,1
Vce-18,AB ,12/14/2016,-3.24,-3.24,1
Vce-180,Activo,12/13/2016,-1.9,-1.9,1
Vce-180,Activo,6/12/2017,-0.72,-0.72,1
Vce-180,Activo,12/13/2016,-1.9,-1.9,1
Vce-181,Inactivo,12/6/2016,-3.53,-3.53,1
Vce-181,Activo,6/7/2017,-5.5,-5.5,1
Vce-183,Activo,7/29/2016,-18.16,-18.16,1
Vce-183,Activo,12/12/2016,-7.2,-7.2,1
Vce-183,Activo,6/8/2017,-4.78,-4.78,1
Vce-184,Activo,6/9/2017,-2.8,-2.8,1
Vce-185,Activo,7/29/2016,-4.64,-4.64,1
Vce-185,Activo,1/13/2017,-2.72,-2.72,1
Vce-185,Activo,6/15/2017,-1.78,-1.78,1
Vce-186,Activo,12/6/2016,-6.02,-6.02,1
Vce-186,Activo,6/8/2017,-4.04,-4.04,1
Vce-187,Activo,12/13/2016,-1.91,-1.91,1
Vce-189,Activo,6/8/2017,-5.05,-5.05,1
Vce-19,Abandonado,7/13/2016,-10.2,-10.2,1
Vce-19,AB ,12/5/2016,-9.3,-9.3,1
Vce-191,Activo,6/8/2017,-2.06,-2.06,1
Vce-192,Activo,12/7/2016,-19.86,-19.86,1
Vce-192,Activo,6/5/2017,-44.52,-44.52,1
Vce-194,Activo,12/2/2016,-10.92,-10.92,1
Vce-194,Activo,6/2/2017,-10.54,-10.54,1
Vce-195,Activo,7/11/2016,-11.14,-11.14,1
Vce-195,Activo,6/2/2017,-3.5,-3.5,1
Vce-196,Activo,7/22/2016,-9.63,-9.63,1
Vce-196,Activo,12/14/2016,-6.14,-6.14,1
Vce-196,Activo,6/9/2017,-2.58,-2.58,1
Vce-197,Activo,7/22/2016,-44.84,-44.84,1
Vce-197,Activo,12/13/2016,-2.84,-2.84,1
Vce-197,Activo,6/12/2017,-1.52,-1.52,1
Vce-198,Activo,12/13/2016,-2.46,-2.46,1
Vce-198,Activo,6/13/2017,-1.68,-1.68,1
Vce-199,Activo,12/20/2016,-0.18,-0.18,1
Vce-199,Activo,6/8/2017,-2.15,-2.15,1
Vce-199,Activo,12/20/2016,-0.18,-0.18,1
Vce-2,Activo,11/30/2016,-7.4,-7.4,1
Vce-2,Activo,6/2/2017,-5.15,-5.15,1
Vce-20,Activo,12/5/2016,-3.57,-3.57,1
Vce-20,Activo,6/6/2017,-2.27,-2.27,1
Vce-200,Activo,7/11/2016,-31.6,-31.6,1
Vce-200,Activo,12/2/2016,-6.72,-6.72,1
Vce-200,Activo,6/2/2017,-4.92,-4.92,1
Vce-201,Activo,7/13/2016,-5.5,-5.5,1
Vce-201,Activo,12/5/2016,-3.28,-3.28,1
Vce-201,Activo,6/6/2017,-2.17,-2.17,1
Vce-202,Activo,7/12/2016,-15.68,-15.68,1
Vce-206,Activo,6/7/2017,-25.08,-25.08,1
Vce-207,Activo,7/29/2016,-38.2,-38.2,1
Vce-207,Activo,12/12/2016,-7.9,-7.9,1
Vce-207,Activo,6/9/2017,-6.5,-6.5,1
Vce-208,Activo,7/15/2016,-10.82,-10.82,1
Vce-208,Activo,6/13/2017,-1.95,-1.95,1
Vce-209,Activo,7/22/2016,-2.53,-2.53,1
Vce-209,Activo,6/12/2017,-2.26,-2.26,1
Vce-21,Activo,7/1/2016,-5.2,-5.2,1
Vce-21,Activo,12/12/2016,-4.54,-4.54,1
Vce-21,Activo,6/8/2017,-2.53,-2.53,1
Vce-212,Activo,6/9/2017,-2.42,-2.42,1
Vce-213,Activo,8/2/2016,-18.91,-18.91,1
Vce-213,Activo,12/7/2016,-7.17,-7.17,1
Vce-213,Activo,6/5/2017,-5.28,-5.28,1
Vce-213,Activo,12/7/2016,-7.17,-7.17,1
Vce-214,Activo,6/8/2017,-3.39,-3.39,1
Vce-215,Activo,12/7/2016,-5.32,-5.32,1
Vce-215,Activo,6/5/2017,-4.04,-4.04,1
Vce-218,Activo,6/13/2017,-24.04,-24.04,1
Vce-219,Activo,7/15/2016,-31,-31,1
Vce-219,Activo,12/13/2016,-2.67,-2.67,1
Vce-220,Activo,12/12/2016,-2.93,-2.93,1
Vce-220,Activo,6/12/2017,-3.63,-3.63,1
Vce-221,Inactivo,12/7/2016,-8.98,-8.98,1
Vce-222,Activo,8/2/2016,-57.3,-57.3,1
Vce-222,Activo,12/2/2016,-6.88,-6.88,1
Vce-223,Activo,7/11/2016,-48.32,-48.32,1
Vce-223,Activo,11/30/2016,-16.43,-16.43,1
Vce-223,Activo,6/2/2017,-14.46,-14.46,1
Vce-225,Activo,7/27/2016,-7.5,-7.5,1
Vce-225,Activo,12/6/2016,-2.04,-2.04,1
Vce-227,Activo,8/1/2016,-5.1,-5.1,1
Vce-227,Activo,1/13/2017,-3.08,-3.08,1
Vce-227,Activo,6/29/2017,-2.99,-2.99,1
Vce-228,Activo,8/1/2016,-4.56,-4.56,1
Vce-228,Activo,1/13/2017,-3.28,-3.28,1
Vce-228,Activo,6/29/2017,-2.28,-2.28,1
Vce-229,Activo,8/1/2016,-4.55,-4.55,1
Vce-229,Activo,1/13/2017,-3.2,-3.2,1
Vce-229,Activo,6/29/2017,-2.95,-2.95,1
Vce-23,AB ,12/13/2016,-3.06,-3.06,1
Vce-230,AB ,1/13/2017,-3.45,-3.45,1
Vce-231,Activo,8/1/2016,-5.04,-5.04,1
Vce-231,Activo,6/29/2017,-3.46,-3.46,1
Vce-232,Inactivo,1/13/2017,-3.12,-3.12,1
Vce-233,Inactivo,8/1/2016,-4.62,-4.62,1
Vce-233,Inactivo,1/13/2017,-3.45,-3.45,1
Vce-234,Activo,8/1/2016,-4.94,-4.94,1
Vce-234,Activo,1/13/2017,-3.18,-3.18,1
Vce-234,Activo,6/29/2017,-2.98,-2.98,1
Vce-235,Activo,8/1/2016,-4.78,-4.78,1
Vce-235,Activo,1/13/2017,-3.15,-3.15,1
Vce-235,Activo,6/29/2017,-2.23,-2.23,1
Vce-236,Activo,1/13/2017,-3.34,-3.34,1
Vce-236,Activo,6/29/2017,-3.2,-3.2,1
Vce-237,Activo,8/1/2016,-5.54,-5.54,1
Vce-237,Activo,1/13/2017,-3.69,-3.69,1
Vce-237,Activo,6/29/2017,-3.51,-3.51,1
Vce-238,Activo,8/1/2016,-4.9,-4.9,1
Vce-238,Activo,1/13/2017,-3.35,-3.35,1
Vce-238,Activo,6/29/2017,-2.98,-2.98,1
Vce-239,Activo,1/13/2017,-2.8,-2.8,1
Vce-239,Activo,6/29/2017,-2.6,-2.6,1
Vce-240,Activo,8/1/2016,-4.65,-4.65,1
Vce-240,Activo,1/13/2017,-2.91,-2.91,1
Vce-240,Activo,6/29/2017,-2.73,-2.73,1
Vce-241,Activo,8/1/2016,-4.61,-4.61,1
Vce-241,Activo,1/13/2017,-2.83,-2.83,1
Vce-241,Activo,6/29/2017,-2.72,-2.72,1
Vce-242,Inactivo,1/13/2017,-3.6,-3.6,1
Vce-243,Activo,8/1/2016,-5.35,-5.35,1
Vce-243,Activo,1/13/2017,-3.35,-3.35,1
Vce-243,Activo,6/29/2017,-3.24,-3.24,1
Vce-244,AB ,1/13/2017,-5,-5,1
Vce-245,AB ,1/13/2017,-3.04,-3.04,1
Vce-247,Activo,1/13/2017,-3,-3,1
Vce-247,Activo,6/29/2017,-2.76,-2.76,1
Vce-248,Inactivo,1/13/2017,-3.55,-3.55,1
Vce-249,Activo,8/1/2016,-4.54,-4.54,1
Vce-249,Activo,1/13/2017,-3.59,-3.59,1
Vce-249,Activo,6/29/2017,-3.65,-3.65,1
Vce-25,Activo,7/13/2016,-3.47,-3.47,1
Vce-25,Activo,12/6/2016,-2.54,-2.54,1
Vce-25,Activo,6/6/2017,-2.18,-2.18,1
Vce-250,Activo,7/29/2016,-3.7,-3.7,1
Vce-250,Activo,1/13/2017,-3.7,-3.7,1
Vce-254,Abandonado,8/4/2016,-5.44,-5.44,1
Vce-254,AB ,12/6/2016,-4.49,-4.49,1
Vce-255,Activo,8/4/2016,-7.29,-7.29,1
Vce-255,Activo,12/6/2016,-3.76,-3.76,1
Vce-257,Activo,7/28/2016,-7.12,-7.12,1
Vce-257,Activo,12/6/2016,-6.36,-6.36,1
Vce-257,Activo,6/7/2017,-4.23,-4.23,1
Vce-258,Activo,7/11/2016,-4.4,-4.4,1
Vce-258,Activo,12/6/2016,-4.19,-4.19,1
Vce-258,Activo,6/7/2017,-3.06,-3.06,1
Vce-259,Activo,6/15/2017,-2.13,-2.13,1
Vce-26,Activo,7/14/2016,-8.75,-8.75,1
Vce-26,Activo,12/6/2016,-1.84,-1.84,1
Vce-26,Activo,6/8/2017,-1.72,-1.72,1
Vce-260,Activo,7/11/2016,-6.44,-6.44,1
Vce-260,Activo,11/30/2016,-4.9,-4.9,1
Vce-260,Activo,6/2/2017,-2.95,-2.95,1
Vce-261,Activo,12/13/2016,-2.03,-2.03,1
Vce-261,Activo,6/12/2017,-1.29,-1.29,1
Vce-262,Activo,7/12/2016,-42.14,-42.14,1
Vce-263,Activo,12/2/2016,-5.7,-5.7,1
Vce-263,Activo,6/2/2017,-5.8,-5.8,1
Vce-264,Activo,8/2/2016,-50,-50,1
Vce-264,Activo,12/2/2016,-8.89,-8.89,1
Vce-264,Activo,6/5/2017,-7.22,-7.22,1
Vce-265,Activo,12/7/2016,-5.9,-5.9,1
Vce-265,Activo,6/5/2017,-4.3,-4.3,1
Vce-266,Activo,6/2/2017,-14.12,-14.12,1
Vce-267,Activo,8/5/2016,-51.9,-51.9,1
Vce-267,Activo,6/5/2017,-16.74,-16.74,1
Vce-268,Activo,7/13/2016,-18.5,-18.5,1
Vce-268,Activo,6/6/2017,-2.3,-2.3,1
Vce-269,Activo,7/15/2016,-6,-6,1
Vce-269,Activo,6/29/2017,-1.1,-1.1,1
Vce-27,Activo,7/14/2016,-5.05,-5.05,1
Vce-27,Activo,12/6/2016,-3.66,-3.66,1
Vce-27,Activo,6/6/2017,-2.48,-2.48,1
Vce-270,Activo,7/15/2016,-4.7,-4.7,1
Vce-271,Abandonado,7/15/2016,-4.83,-4.83,1
Vce-271,Activo,6/29/2017,-1.1,-1.1,1
Vce-273,Activo,12/6/2016,-2.71,-2.71,1
Vce-273,Activo,6/8/2017,-1.66,-1.66,1
Vce-274,Activo,7/29/2016,-31.74,-31.74,1
Vce-274,Activo,12/13/2016,-1.92,-1.92,1
Vce-274,Activo,6/12/2017,-1.19,-1.19,1
Vce-275,Activo,7/14/2016,-9.42,-9.42,1
Vce-275,Activo,6/8/2017,-1.98,-1.98,1
Vce-276,Activo,12/7/2016,-7.5,-7.5,1
Vce-277,Activo,12/5/2016,-2.19,-2.19,1
Vce-277,Activo,6/6/2017,-1.87,-1.87,1
Vce-28,Abandonado,7/14/2016,-8.39,-8.39,1
Vce-280,Activo,8/2/2016,-21.86,-21.86,1
Vce-280,Activo,12/7/2016,-18.52,-18.52,1
Vce-280,Activo,6/5/2017,-16.26,-16.26,1
Vce-281,Activo,7/15/2016,-7.5,-7.5,1
Vce-281,Activo,12/13/2016,-2.17,-2.17,1
Vce-281,Activo,6/13/2017,-4.84,-4.84,1
Vce-282,Activo,12/14/2016,-1.51,-1.51,1
Vce-284,Activo,12/6/2016,-4.89,-4.89,1
Vce-284,Activo,6/7/2017,-3.85,-3.85,1
Vce-285,Activo,12/12/2016,-4.27,-4.27,1
Vce-285,Activo,6/8/2017,-3.38,-3.38,1
Vce-286,Activo,6/7/2017,-5.81,-5.81,1
Vce-3,Activo,12/2/2016,-5.4,-5.4,1
Vce-30,Activo,7/29/2016,-6.46,-6.46,1
Vce-30,Activo,12/12/2016,-5.88,-5.88,1
Vce-30,Activo,6/9/2017,-3.57,-3.57,1
Vce-31,Activo,7/29/2016,-6.57,-6.57,1
Vce-31,Activo,12/12/2016,-3.96,-3.96,1
Vce-31,Activo,6/9/2017,-3.54,-3.54,1
Vce-32,Activo,8/4/2016,-27.84,-27.84,1
Vce-33,Activo,12/13/2016,-1.93,-1.93,1
Vce-33,Activo,6/13/2017,-2.23,-2.23,1
Vce-34,Activo,12/14/2016,-2.1,-2.1,1
Vce-34,Activo,6/12/2017,-2.06,-2.06,1
Vce-35,Abandonado,7/15/2016,-14.98,-14.98,1
Vce-35,AB ,12/13/2016,-2.69,-2.69,1
Vce-37,Activo,12/12/2016,-2.39,-2.39,1
Vce-37,Activo,6/9/2017,-2.13,-2.13,1
Vce-39,AB ,12/6/2016,-4.76,-4.76,1
Vce-41,AB ,12/2/2016,-3.7,-3.7,1
Vce-42,Activo,12/13/2016,-4.21,-4.21,1
Vce-42,Activo,6/6/2017,-4.8,-4.8,1
Vce-43,Activo,12/12/2016,-7.34,-7.34,1
Vce-45,Activo,7/29/2016,-25.56,-25.56,1
Vce-45,Activo,12/12/2016,-7.14,-7.14,1
Vce-45,Activo,6/9/2017,-13.96,-13.96,1
Vce-45,Activo,12/12/2016,-7.14,-7.14,1
Vce-46,Activo,7/29/2016,-17.93,-17.93,1
Vce-46,Activo,6/9/2017,-3.88,-3.88,1
Vce-47,Activo,7/29/2016,-3.16,-3.16,1
Vce-47,Activo,1/13/2017,-2.66,-2.66,1
Vce-47,Activo,6/12/2017,-2.08,-2.08,1
Vce-48,Activo,7/12/2016,-20.68,-20.68,1
Vce-48,Activo,12/5/2016,-3.05,-3.05,1
Vce-48,Activo,6/6/2017,-2.46,-2.46,1
Vce-50,Abandonado,7/12/2016,-8.8,-8.8,1
Vce-51,Activo,8/1/2016,-4.1,-4.1,1
Vce-51,Activo,12/19/2016,-3.62,-3.62,1
Vce-52,Activo,8/1/2016,-24.2,-24.2,1
Vce-52,Activo,12/19/2016,-3.53,-3.53,1
Vce-52,Activo,6/7/2017,-2.81,-2.81,1
Vce-55,Activo,8/1/2016,-22.33,-22.33,1
Vce-55,Activo,12/6/2016,-2.55,-2.55,1
Vce-55,Activo,6/8/2017,-2.45,-2.45,1
Vce-56,Activo,7/11/2016,-12.2,-12.2,1
Vce-56,Activo,11/30/2016,-6.02,-6.02,1
Vce-57,Activo,6/8/2017,-1.39,-1.39,1
Vce-58,Sellado,7/11/2016,-4.98,-4.98,1
Vce-59,Activo,8/2/2016,-10.45,-10.45,1
Vce-60,Sellado,8/2/2016,-13.81,-13.81,1
Vce-60,Sellado,12/7/2016,-4.15,-4.15,1
Vce-61,Activo,12/5/2016,-2.93,-2.93,1
Vce-61,Activo,6/6/2017,-2.21,-2.21,1
Vce-62,Activo,7/11/2016,-21.3,-21.3,1
Vce-62,Activo,11/30/2016,-8.51,-8.51,1
Vce-64,Activo,11/30/2016,-14.4,-14.4,1
Vce-64,Activo,6/2/2017,-12.52,-12.52,1
Vce-65,Activo,7/11/2016,-27.52,-27.52,1
Vce-65,Activo,11/30/2016,-5.68,-5.68,1
Vce-65,Activo,6/2/2017,-4.56,-4.56,1
Vce-66,Activo,7/11/2016,-20.42,-20.42,1
Vce-66,Activo,6/2/2017,-16.32,-16.32,1
Vce-77,Activo,8/2/2016,-21.88,-21.88,1
Vce-77,Activo,11/30/2016,-19.5,-19.5,1
Vce-77,Activo,6/2/2017,-17.34,-17.34,1
Vce-79,Activo,12/5/2016,-4.98,-4.98,1
Vce-79,Activo,6/6/2017,-3.35,-3.35,1
Vce-80,Activo,7/12/2016,-36.4,-36.4,1
Vce-80,Activo,12/19/2016,-5.17,-5.17,1
Vce-80,Activo,6/7/2017,-5.8,-5.8,1
Vce-80,Activo,12/19/2016,-5.17,-5.17,1
Vce-81,Activo,12/12/2016,-1.66,-1.66,1
Vce-81,Activo,6/12/2017,-0.82,-0.82,1
Vce-82,Abandonado,7/14/2016,-4.8,-4.8,1
Vce-82,AB ,12/12/2016,-3.12,-3.12,1
Vce-83,Activo,7/13/2016,-19.28,-19.28,1
Vce-83,Activo,6/6/2017,-1.95,-1.95,1
Vce-88,Activo,12/12/2016,-4.73,-4.73,1
Vce-90,Activo,6/6/2017,-1.68,-1.68,1
Vce-91,Abandonado,8/1/2016,-14.14,-14.14,1
Vce-91,AB ,12/2/2016,-5.5,-5.5,1
Vce-92,Activo,8/1/2016,-6.17,-6.17,1
Vce-92,Activo,12/19/2016,-5.18,-5.18,1
Vce-92,Activo,6/7/2017,-3.1,-3.1,1
Vce-93,Activo,7/11/2016,-37,-37,1
Vce-93,Activo,11/30/2016,-23.34,-23.34,1
Vce-93,Activo,6/2/2017,-21.66,-21.66,1
Vce-94,Activo,11/30/2016,-9.42,-9.42,1
Vce-94,Activo,6/1/2017,-7.35,-7.35,1
Vce-94,Activo,11/30/2016,-9.42,-9.42,1
Vce-96,Activo,7/11/2016,-35.2,-35.2,1
Vce-96,Activo,11/30/2016,-8.97,-8.97,1
Vce-96,Activo,6/2/2017,-7.9,-7.9,1
Vce-97,Activo,7/11/2016,-18.8,-18.8,1
Vce-97,Activo,11/30/2016,-13.44,-13.44,1
Vce-97,Activo,6/2/2017,-11.43,-11.43,1
Vce-98,Activo,6/5/2017,-5.94,-5.94,1
Vcn-1,Activo,11/25/2016,-4.96,-4.96,1
Vcn-102,Activo,6/8/2017,-1.9,-1.9,1
Vcn-102,Activo,10/14/2016,-5.37,-5.37,1
Vcn-103,Activo,6/9/2017,-1.5,-1.5,1
Vcn-103,Activo,10/19/2016,-4.93,-4.93,1
Vcn-104,Activo,10/19/2016,-4.27,-4.27,1
Vcn-107,Activo,11/21/2016,-7.84,-7.84,1
Vcn-108,Activo,6/6/2017,-1.9,-1.9,1
Vcn-109,Activo,6/29/2017,-9.7,-9.7,1
Vcn-110,Activo,6/30/2017,-6.25,-6.25,1
Vcn-111,Activo,10/31/2016,-9.71,-9.71,1
Vcn-117,Activo,11/8/2016,-4.19,-4.19,1
Vcn-123,Activo,6/5/2017,-3.45,-3.45,1
Vcn-124,Activo,6/29/2017,-9.7,-9.7,1
Vcn-124,Activo,10/28/2016,-10.1,-10.1,1
Vcn-126,Activo,7/13/2017,-13.67,-13.67,1
Vcn-131,Activo,11/4/2016,-5.92,-5.92,1
Vcn-136,Activo,6/9/2017,-4.6,-4.6,1
Vcn-138,Activo,7/19/2017,-4.75,-4.75,1
Vcn-143,Activo,6/5/2017,-2.9,-2.9,1
Vcn-143,Activo,10/25/2016,-5,-5,1
Vcn-150,Activo,10/12/2016,-2.02,-2.02,1
Vcn-151,Activo,6/21/2017,-2.65,-2.65,1
Vcn-152,Activo,6/9/2017,-3.75,-3.75,1
Vcn-155,Activo,6/8/2017,-5.78,-5.78,1
Vcn-155,Activo,10/18/2016,-8.85,-8.85,1
Vcn-158,Activo,6/29/2017,-8.5,-8.5,1
Vcn-162,Activo,7/13/2017,-7.18,-7.18,1
Vcn-163,Activo,7/5/2017,-2,-2,1
Vcn-163,Activo,10/12/2016,-6.12,-6.12,1
Vcn-170,Activo,6/30/2017,-4.85,-4.85,1
Vcn-173,Activo,6/21/2017,-8.56,-8.56,1
Vcn-174,Activo,10/11/2016,-7.81,-7.81,1
Vcn-175,Activo,6/12/2017,-3.93,-3.93,1
Vcn-18,Activo,6/30/2017,-2.2,-2.2,1
Vcn-180,Activo,6/9/2017,-2.33,-2.33,1
Vcn-183,Activo,7/5/2017,-4.3,-4.3,1
Vcn-184,Activo,6/21/2017,-4.84,-4.84,1
Vcn-184,Activo,11/11/2016,-6.06,-6.06,1
Vcn-186,Activo,7/5/2017,-4.92,-4.92,1
Vcn-186,Activo,10/12/2016,-6.58,-6.58,1
Vcn-19,Activo,6/12/2017,-2.1,-2.1,1
Vcn-193,Activo,10/31/2016,-9.24,-9.24,1
Vcn-198,Activo,6/30/2017,-4.6,-4.6,1
Vcn-199,Activo,6/1/2017,-5.4,-5.4,1
Vcn-202,Activo,7/13/2017,-4.2,-4.2,1
Vcn-203,Activo,6/21/2017,-7.4,-7.4,1
Vcn-206,Activo,6/22/2017,-9.14,-9.14,1
Vcn-207,Activo,6/28/2017,-6.1,-6.1,1
Vcn-213,Activo,6/7/2017,-8.6,-8.6,1
Vcn-214,Activo,11/2/2016,-4.28,-4.28,1
Vcn-216,Activo,10/21/2016,-5.43,-5.43,1
Vcn-217,Activo,11/8/2016,-8.55,-8.55,1
Vcn-221,Activo,6/12/2017,-2.65,-2.65,1
Vcn-222,Activo,7/5/2017,-2.1,-2.1,1
Vcn-223,Activo,6/6/2017,-1.1,-1.1,1
Vcn-223,Activo,10/12/2016,-4.8,-4.8,1
Vcn-225,Activo,6/28/2017,-5.64,-5.64,1
Vcn-228,Activo,6/21/2017,-6.18,-6.18,1
Vcn-230,Activo,6/30/2017,-5.9,-5.9,1
Vcn-231,Activo,6/13/2017,-4.25,-4.25,1
Vcn-232,Activo,6/2/2017,-4.2,-4.2,1
Vcn-233,Activo,6/22/2017,-8.35,-8.35,1
Vcn-234,Activo,6/28/2017,-7.08,-7.08,1
Vcn-235,Activo,7/5/2017,-4.35,-4.35,1
Vcn-237,Activo,6/22/2017,-7.9,-7.9,1
Vcn-241,Activo,10/14/2016,-7.3,-7.3,1
Vcn-243,Activo,10/14/2016,-7.4,-7.4,1
Vcn-246,Activo,6/6/2017,-1.87,-1.87,1
Vcn-247,Activo,6/29/2017,-7.45,-7.45,1
Vcn-249,Activo,6/29/2017,-7.13,-7.13,1
Vcn-251,Activo,10/18/2016,-7.57,-7.57,1
Vcn-253,Activo,7/13/2017,-6.7,-6.7,1
Vcn-253,Activo,10/31/2016,-8.71,-8.71,1
Vcn-256,Activo,6/27/2017,-8.3,-8.3,1
Vcn-258,Activo,6/30/2017,-6.4,-6.4,1
Vcn-262,Activo,6/6/2017,-1.3,-1.3,1
Vcn-263,Activo,6/12/2017,-3.45,-3.45,1
Vcn-287,Activo,6/30/2017,-1.5,-1.5,1
Vcn-3,Activo,6/30/2017,-7.2,-7.2,1
Vcn-304,Activo,6/22/2017,-8,-8,1
Vcn-307,Activo,6/22/2017,-7.05,-7.05,1
Vcn-308,Activo,11/15/2016,-7.97,-7.97,1
Vcn-311,Activo,6/29/2017,-12.1,-12.1,1
Vcn-312,Activo,11/21/2016,-4.6,-4.6,1
Vcn-313,Activo,6/9/2017,-2.6,-2.6,1
Vcn-315,Activo,6/2/2017,-2.45,-2.45,1
Vcn-318,Activo,7/5/2017,-3.23,-3.23,1
Vcn-318,Activo,10/12/2016,-7.68,-7.68,1
Vcn-320,Activo,6/13/2017,-2.8,-2.8,1
Vcn-324,Activo,11/4/2016,-6.17,-6.17,1
Vcn-325,Activo,10/18/2016,-9.35,-9.35,1
Vcn-327,Activo,6/22/2017,-4.55,-4.55,1
Vcn-329,Activo,6/22/2017,-6.45,-6.45,1
Vcn-330,Activo,6/30/2017,-8.25,-8.25,1
Vcn-332,Activo,6/3/2017,-4.1,-4.1,1
Vcn-334,Activo,6/6/2017,-2.3,-2.3,1
Vcn-336,Activo,7/13/2017,-48.8,-48.8,1
Vcn-340,Activo,6/14/2017,-10.4,-10.4,1
Vcn-340,Activo,11/23/2016,-15.6,-15.6,1
Vcn-344,Activo,6/21/2017,-7.94,-7.94,1
Vcn-345,Activo,6/9/2017,-1.65,-1.65,1
Vcn-347,Activo,6/8/2017,-2.88,-2.88,1
Vcn-347,Activo,10/14/2016,-5.8,-5.8,1
Vcn-348,Activo,6/28/2017,-9,-9,1
Vcn-349,Activo,6/6/2017,-0.85,-0.85,1
Vcn-352,Activo,6/6/2017,-0.3,-0.3,1
Vcn-353,Activo,6/12/2017,-5.6,-5.6,1
Vcn-354,Activo,6/2/2017,-2.5,-2.5,1
Vcn-356,Activo,6/5/2017,-3,-3,1
Vcn-356,Activo,10/11/2016,-4.91,-4.91,1
Vcn-359,Activo,6/28/2017,-5,-5,1
Vcn-36,Activo,10/14/2016,-4.32,-4.32,1
Vcn-360,Activo,6/29/2017,-6.37,-6.37,1
Vcn-361,Activo,6/5/2017,-1.65,-1.65,1
Vcn-361,Activo,10/10/2016,-8.1,-8.1,1
Vcn-362,Activo,7/5/2017,-3.15,-3.15,1
Vcn-364,Activo,7/13/2017,-4.53,-4.53,1
Vcn-371,Activo,7/5/2017,-2.4,-2.4,1
Vcn-374,Activo,7/13/2017,-3.7,-3.7,1
Vcn-375,Activo,6/22/2017,-8.5,-8.5,1
Vcn-376,Activo,6/12/2017,-2.55,-2.55,1
Vcn-377,Activo,6/9/2017,-3.9,-3.9,1
Vcn-378,Activo,7/13/2017,-9.63,-9.63,1
Vcn-379,Activo,6/5/2017,-3.4,-3.4,1
Vcn-379,Activo,10/19/2016,-5.02,-5.02,1
Vcn-381,Activo,6/9/2017,-3.81,-3.81,1
Vcn-383,Activo,6/28/2017,-3.62,-3.62,1
Vcn-388,Activo,6/6/2017,-2.15,-2.15,1
Vcn-391,Activo,6/22/2017,-6.44,-6.44,1
Vcn-393,Activo,6/13/2017,-3.85,-3.85,1
Vcn-394,Activo,6/13/2017,-6.85,-6.85,1
Vcn-396,Activo,11/8/2016,-10.46,-10.46,1
Vcn-399,Activo,6/6/2017,-3.55,-3.55,1
Vcn-400,Activo,6/12/2017,-6.45,-6.45,1
Vcn-402,Activo,6/30/2017,-5,-5,1
Vcn-403,Activo,6/30/2017,-5.6,-5.6,1
Vcn-404,Activo,7/19/2017,-9.8,-9.8,1
Vcn-406,Activo,6/8/2017,-4,-4,1
Vcn-408,Activo,6/2/2017,-4.88,-4.88,1
Vcn-409,Activo,6/29/2017,-4.5,-4.5,1
Vcn-412,Activo,6/8/2017,-4.4,-4.4,1
Vcn-413,Activo,6/5/2017,-2.1,-2.1,1
Vcn-414,Activo,6/28/2017,-5.25,-5.25,1
Vcn-420,Activo,6/12/2017,-1.85,-1.85,1
Vcn-420,Activo,10/19/2016,-5.96,-5.96,1
Vcn-422,Activo,7/13/2017,-3.1,-3.1,1
Vcn-423,Activo,10/18/2016,-8.66,-8.66,1
Vcn-424,Activo,6/12/2017,-5.1,-5.1,1
Vcn-425,Activo,7/19/2017,-12.6,-12.6,1
Vcn-426,Activo,6/7/2017,-4.55,-4.55,1
Vcn-427,Activo,6/12/2017,-4.52,-4.52,1
Vcn-428,Activo,6/22/2017,-7.73,-7.73,1
Vcn-429,Activo,6/12/2017,-3.7,-3.7,1
Vcn-43,Activo,10/18/2016,-5.7,-5.7,1
Vcn-430,Activo,6/8/2017,-3.75,-3.75,1
Vcn-431,Activo,7/19/2017,-15.4,-15.4,1
Vcn-435,Activo,6/28/2017,-2.88,-2.88,1
Vcn-436,Activo,6/12/2017,-3,-3,1
Vcn-438,Activo,7/5/2017,-2.55,-2.55,1
Vcn-439,Activo,6/13/2017,-7.43,-7.43,1
Vcn-44,Activo,6/1/2017,-4.52,-4.52,1
Vcn-440,Activo,6/8/2017,-4.5,-4.5,1
Vcn-441,Activo,6/14/2017,-7.21,-7.21,1
Vcn-443,Activo,6/15/2017,-5.9,-5.9,1
Vcn-445,Activo,7/19/2017,-3.1,-3.1,1
Vcn-445,Activo,10/31/2016,-4.69,-4.69,1
Vcn-448,Activo,6/29/2017,-8.2,-8.2,1
Vcn-449,Activo,6/22/2017,-9.5,-9.5,1
Vcn-450,Activo,6/2/2017,-3,-3,1
Vcn-450,Activo,11/25/2016,-6.27,-6.27,1
Vcn-451,Activo,6/5/2017,-1.1,-1.1,1
Vcn-452,Activo,6/27/2017,-9.07,-9.07,1
Vcn-456,Activo,7/5/2017,-3.85,-3.85,1
Vcn-458,Activo,6/13/2017,-4.15,-4.15,1
Vcn-458,Activo,11/18/2016,-6.17,-6.17,1
Vcn-459,Activo,6/7/2017,-2.95,-2.95,1
Vcn-461,Activo,6/8/2017,-4.15,-4.15,1
Vcn-461,Activo,10/18/2016,-6.63,-6.63,1
Vcn-463,Activo,6/9/2017,-2.86,-2.86,1
Vcn-468,Activo,6/29/2017,-7.08,-7.08,1
Vcn-469,Activo,6/6/2017,-2.4,-2.4,1
Vcn-47,Activo,6/29/2017,-11,-11,1
Vcn-47,Activo,10/26/2016,-7.02,-7.02,1
Vcn-470,Activo,6/2/2017,-3.15,-3.15,1
Vcn-471,Activo,6/13/2017,-2.9,-2.9,1
Vcn-474,Activo,6/7/2017,-4.15,-4.15,1
Vcn-475,Activo,7/13/2017,-5.9,-5.9,1
Vcn-478,Activo,6/21/2017,-10.86,-10.86,1
Vcn-479,Activo,6/22/2017,-3.85,-3.85,1
Vcn-480,Activo,6/22/2017,-3.7,-3.7,1
Vcn-481,Activo,6/9/2017,-1.65,-1.65,1
Vcn-484,Activo,6/12/2017,-5.4,-5.4,1
Vcn-486,Activo,6/21/2017,-10.2,-10.2,1
Vcn-487,Activo,6/2/2017,-2.68,-2.68,1
Vcn-488,Activo,6/6/2017,-2.55,-2.55,1
Vcn-489,Activo,6/2/2017,-4.8,-4.8,1
Vcn-49,Activo,10/26/2016,-7.16,-7.16,1
Vcn-490,Activo,6/3/2017,-5.52,-5.52,1
Vcn-491,Activo,6/5/2017,-3.65,-3.65,1
Vcn-492,Activo,6/9/2017,-5.2,-5.2,1
Vcn-494,Activo,6/7/2017,-3.75,-3.75,1
Vcn-496,Activo,6/22/2017,-4,-4,1
Vcn-497,Activo,6/8/2017,-5.44,-5.44,1
Vcn-498,Activo,6/6/2017,-4.98,-4.98,1
Vcn-503,Activo,6/5/2017,-3.15,-3.15,1
Vcn-504,Activo,7/5/2017,-1.6,-1.6,1
Vcn-506,Activo,6/28/2017,-15.78,-15.78,1
Vcn-507,Activo,7/19/2017,-9.95,-9.95,1
Vcn-511,Activo,6/30/2017,-3.8,-3.8,1
Vcn-513,Activo,6/30/2017,-3.64,-3.64,1
Vcn-514,Activo,6/29/2017,-6.75,-6.75,1
Vcn-515,Activo,6/2/2017,-2.78,-2.78,1
Vcn-516,Activo,7/5/2017,-1.46,-1.46,1
Vcn-520,Activo,6/7/2017,-4.02,-4.02,1
Vcn-521,Activo,6/28/2017,-10.3,-10.3,1
Vcn-523,Activo,7/13/2017,-4.89,-4.89,1
Vcn-526,Activo,6/8/2017,-4.13,-4.13,1
Vcn-527,Activo,6/12/2017,-3.25,-3.25,1
Vcn-528,Activo,6/5/2017,-2.95,-2.95,1
Vcn-530,Activo,6/9/2017,-3.65,-3.65,1
Vcn-532,Activo,7/13/2017,-9.36,-9.36,1
Vcn-533,Activo,6/14/2017,-1.05,-1.05,1
Vcn-535,Activo,6/8/2017,-4.48,-4.48,1
Vcn-537,Activo,6/28/2017,-2.7,-2.7,1
Vcn-538,Activo,6/22/2017,-7.9,-7.9,1
Vcn-539,Activo,6/8/2017,-5.63,-5.63,1
Vcn-540,Activo,6/29/2017,-3.15,-3.15,1
Vcn-543,Activo,6/2/2017,-2.7,-2.7,1
Vcn-545,Activo,6/2/2017,-2.65,-2.65,1
Vcn-547,Activo,6/12/2017,-4.45,-4.45,1
Vcn-549,Activo,6/2/2017,-3.53,-3.53,1
Vcn-550,Activo,6/5/2017,-1.2,-1.2,1
Vcn-551,Activo,7/13/2017,-26.26,-26.26,1
Vcn-552,Activo,6/6/2017,-3.5,-3.5,1
Vcn-554,Activo,6/21/2017,-3.3,-3.3,1
Vcn-555,Activo,6/30/2017,-6.6,-6.6,1
Vcn-558,Activo,7/19/2017,-12.45,-12.45,1
Vcn-559,Activo,6/9/2017,-2.6,-2.6,1
Vcn-560,Activo,6/30/2017,-5.1,-5.1,1
Vcn-561,Activo,6/29/2017,-6.55,-6.55,1
Vcn-564,Activo,7/13/2017,-2.8,-2.8,1
Vcn-566,Activo,6/9/2017,-6.35,-6.35,1
Vcn-569,Activo,6/9/2017,-7.95,-7.95,1
Vcn-570,Activo,6/29/2017,-8.83,-8.83,1
Vcn-573,Activo,6/9/2017,-2.1,-2.1,1
Vcn-574,Activo,7/19/2017,-2.4,-2.4,1
Vcn-576,Activo,6/27/2017,-9.73,-9.73,1
Vcn-583,Activo,7/5/2017,-5.83,-5.83,1
Vcn-586,Activo,6/6/2017,-2.75,-2.75,1
Vcn-591,Activo,6/30/2017,-1.75,-1.75,1
Vcn-592,Activo,6/8/2017,-4.1,-4.1,1
Vcn-596,Activo,6/1/2017,-0.7,-0.7,1
Vcn-597,Activo,6/1/2017,-2.3,-2.3,1
Vcn-598,Activo,6/29/2017,-9.3,-9.3,1
Vcn-603,Activo,6/12/2017,-2.25,-2.25,1
Vcn-63,Activo,6/12/2017,-2.3,-2.3,1
Vcn-65,Activo,11/18/2016,-5.1,-5.1,1
Vcn-7,Activo,11/1/2016,-5.88,-5.88,1
Vcn-72,Activo,6/8/2017,-2.37,-2.37,1
Vcn-72,Activo,10/26/2016,-4.26,-4.26,1
Vcn-91,Activo,11/2/2016,-4.02,-4.02,1
vcr-101,Activo,6/28/2017,-9.68,-9.68,1
vcr-108,Activo,6/28/2017,-6.7,-6.7,1
vcr-109,Activo,6/28/2017,-6.48,-6.48,1
vcr-110,Activo,6/28/2017,-7.86,-7.86,1
vcr-111,Activo,6/28/2017,-5.86,-5.86,1
vcr-113,Activo,6/28/2017,-7.7,-7.7,1
vcr-114,Activo,6/28/2017,-5.5,-5.5,1
vcr-116,Activo,6/28/2017,-8.6,-8.6,1
vcr-117,Activo,6/28/2017,-7.56,-7.56,1
vcr-118,Activo,6/28/2017,-8.1,-8.1,1
vcr-120,Activo,6/28/2017,-4.06,-4.06,1
vcr-121,Activo,6/28/2017,-9.86,-9.86,1
vcr-32,Activo,6/28/2017,-10.14,-10.14,1
vcr-63,Activo,6/28/2017,-4.28,-4.28,1
vcr-66,Activo,6/28/2017,-27.42,-27.42,1
vcr-70,Activo,6/28/2017,-28.6,-28.6,1
vcr-77,Activo,6/28/2017,-3.9,-3.9,1
vcr-84,Activo,6/28/2017,-2.28,-2.28,1
vcr-86,Activo,6/28/2017,-20.52,-20.52,1
vcr-91,Activo,6/28/2017,-2,-2,1
Vf-11,Activo,11/8/2016,-2.6,-2.6,1
Vf-20,Activo,11/8/2016,-7.25,-7.25,1
Vf-23,Activo,11/8/2016,-2.41,-2.41,1
Vf-29,Activo,6/27/2017,-11.2,-11.2,1
Vf-31,Activo,6/21/2017,-8.46,-8.46,1
Vf-39,Activo,6/22/2017,-9.7,-9.7,1
Vf-41,Activo,6/27/2017,-10.3,-10.3,1
Vf-43,Activo,6/22/2017,-9.86,-9.86,1
Vf-44,Activo,6/23/2017,-11.2,-11.2,1
Vf-51,Activo,6/23/2017,-9.24,-9.24,1
Vf-54,Activo,6/23/2017,-6.6,-6.6,1
Vf-56,Activo,6/23/2017,-14,-14,1
Vf-59,Activo,6/23/2017,-10.5,-10.5,1
Vf-62,Activo,6/21/2017,-15,-15,1
Vf-64,Activo,6/21/2017,-11,-11,1
Vf-65,Activo,6/27/2017,-7.07,-7.07,1
Vf-67,Activo,6/23/2017,-9.6,-9.6,1
Vf-68,Activo,6/23/2017,-18.2,-18.2,1
Vf-69,Activo,6/20/2017,-9.6,-9.6,1
Vf-71,Activo,6/23/2017,-11.2,-11.2,1
Vf-72,Activo,6/23/2017,-2,-2,1
Vf-73,Activo,6/23/2017,-7.45,-7.45,1
Vf-75,Activo,6/23/2017,-10.62,-10.62,1
Vf-77,Activo,6/23/2017,-7.6,-7.6,1
Vf-78,Activo,6/23/2017,-6.43,-6.43,1
Vf-79,Activo,6/23/2017,-12.7,-12.7,1
Vf-80,Activo,6/23/2017,-15.1,-15.1,1
Vf-81,Activo,6/27/2017,-4,-4,1
Vg-1,Activo,6/21/2017,-8.46,-8.46,1
Vg-13,Activo,6/22/2017,-5.36,-5.36,1
Vg-17,Activo,6/22/2017,-6.32,-6.32,1
Vg-22,Activo,6/21/2017,-4.22,-4.22,1
Vg-23,Activo,6/22/2017,-22.16,-22.16,1
Vg-25,Activo,6/22/2017,-14.26,-14.26,1
Vg-27,Activo,6/22/2017,-0.55,-0.55,1
Vg-28,Activo,6/27/2017,-3.52,-3.52,1
Vg-29,Activo,6/21/2017,-0.96,-0.96,1
Vg-30,Activo,6/22/2017,-4.2,-4.2,1
Vg-34,Activo,12/5/2016,-1.15,-1.15,1
Vg-37,Activo,6/21/2017,-0.72,-0.72,1
Vg-39,Activo,12/7/2016,-23.04,-23.04,1
Vg-40,Activo,6/22/2017,-17.16,-17.16,1
Vg-43,Activo,6/22/2017,-30.22,-30.22,1
Vg-47,Activo,6/22/2017,-20.94,-20.94,1
Vg-48,Activo,6/22/2017,-15.62,-15.62,1
Vg-49,Activo,6/27/2017,-11.48,-11.48,1
Vg-52,Activo,6/30/2017,-13.56,-13.56,1
Vg-53,Activo,6/22/2017,-8.22,-8.22,1
Vg-6,Activo,6/23/2017,-26.96,-26.96,1
Vg-7,Activo,6/23/2017,-8.96,-8.96,1
Vgu-100,Activo,6/27/2017,-14.84,-14.84,1
Vgu-102,Activo,6/14/2017,-1.39,-1.39,1
Vgu-102,Activo,12/12/2016,-1.35,-1.35,1
Vgu-103,Activo,6/28/2017,-5.78,-5.78,1
Vgu-105,Activo,6/14/2017,-1.38,-1.38,1
Vgu-105,Activo,12/12/2016,-1.34,-1.34,1
Vgu-106,Activo,6/15/2017,-12.2,-12.2,1
Vgu-109,Activo,6/16/2017,-2.39,-2.39,1
Vgu-11,Activo,6/14/2017,-2.15,-2.15,1
Vgu-110,Activo,6/16/2017,-15.66,-15.66,1
Vgu-111,Activo,6/28/2017,-2.3,-2.3,1
Vgu-112,Activo,6/27/2017,-8.02,-8.02,1
Vgu-118,Activo,6/28/2017,-5.16,-5.16,1
Vgu-12,Activo,6/14/2017,-3.58,-3.58,1
Vgu-122,Activo,6/20/2017,-3.03,-3.03,1
Vgu-13,Activo,6/27/2017,-16.7,-16.7,1
Vgu-15,Activo,6/14/2017,-4.07,-4.07,1
Vgu-16,Activo,6/15/2017,-2.85,-2.85,1
Vgu-20,Activo,6/27/2017,-11.48,-11.48,1
Vgu-21,Activo,6/20/2017,-3.77,-3.77,1
Vgu-212,Activo,6/28/2017,-5.88,-5.88,1
Vgu-213,Activo,6/15/2017,-3.9,-3.9,1
Vgu-215,Activo,6/14/2017,-2.55,-2.55,1
Vgu-217,Activo,6/20/2017,-1.92,-1.92,1
Vgu-219,Activo,6/14/2017,-1.35,-1.35,1
Vgu-22,Activo,6/23/2017,-16.72,-16.72,1
Vgu-221,Activo,6/27/2017,-11.94,-11.94,1
Vgu-224,Activo,6/23/2017,-12.3,-12.3,1
Vgu-23,Activo,6/23/2017,-15.8,-15.8,1
Vgu-26,Activo,6/20/2017,-5.52,-5.52,1
Vgu-27,Activo,6/20/2017,-7.56,-7.56,1
Vgu-28,Activo,6/20/2017,-7.74,-7.74,1
Vgu-36,Activo,6/15/2017,-1.78,-1.78,1
Vgu-37,Activo,6/20/2017,-3.07,-3.07,1
Vgu-38,Activo,6/15/2017,-2.35,-2.35,1
Vgu-4,Activo,6/15/2017,-28.5,-28.5,1
Vgu-41,Activo,6/14/2017,-3.59,-3.59,1
Vgu-45,Activo,6/23/2017,-25.06,-25.06,1
Vgu-48,Activo,6/23/2017,-19.24,-19.24,1
Vgu-49,Activo,6/28/2017,-4.18,-4.18,1
Vgu-51,Activo,6/14/2017,-1.73,-1.73,1
Vgu-55,Activo,6/15/2017,-1.83,-1.83,1
Vgu-56,Activo,6/15/2017,-2.81,-2.81,1
Vgu-59,Activo,6/20/2017,-0.22,-0.22,1
Vgu-6,Activo,6/15/2017,-3.52,-3.52,1
Vgu-65,Activo,6/14/2017,-1.87,-1.87,1
Vgu-66,Activo,6/23/2017,-19.1,-19.1,1
Vgu-68,Activo,6/23/2017,-16.9,-16.9,1
Vgu-7,Activo,6/14/2017,-4.01,-4.01,1
Vgu-70,Activo,6/20/2017,-8.1,-8.1,1
Vgu-71,Activo,6/27/2017,-14,-14,1
Vgu-71,Activo,1/11/2017,-18,-18,1
Vgu-72,Activo,6/15/2017,-5.51,-5.51,1
Vgu-78,Activo,6/15/2017,-19.4,-19.4,1
Vgu-82,Activo,6/16/2017,-0.56,-0.56,1
Vgu-82,Activo,12/12/2016,-0.81,-0.81,1
Vgu-83,Activo,6/14/2017,-0.5,-0.5,1
Vgu-88,Activo,6/14/2017,-3.53,-3.53,1
Vgu-89,Activo,6/16/2017,-1.32,-1.32,1
Vgu-92,Activo,6/15/2017,-2.24,-2.24,1
Vgu-96,Activo,6/15/2017,-1.44,-1.44,1
Vgu-97,Activo,6/28/2017,-7.5,-7.5,1
Vgu-99,Activo,6/28/2017,-11.46,-11.46,1
Vj-104,Activo,6/27/2017,-4.23,-4.23,1
Vj-109,Activo,6/27/2017,-8.2,-8.2,1
Vj-109,Activo,11/30/2016,-6.65,-6.65,1
Vj-112,Activo,6/5/2017,-3.55,-3.55,1
Vj-114,Activo,11/29/2016,-12.14,-12.14,1
Vj-115,Activo,6/27/2017,-1.97,-1.97,1
Vj-115,Activo,11/21/2016,-1.73,-1.73,1
Vj-117,Activo,11/28/2016,-4.9,-4.9,1
Vj-119,Activo,11/28/2016,-4.61,-4.61,1
Vj-121,Activo,11/30/2016,-13.11,-13.11,1
Vj-132,Activo,6/6/2017,-4.3,-4.3,1
Vj-133,Activo,6/5/2017,-1.05,-1.05,1
Vj-134,Activo,6/5/2017,-1.32,-1.32,1
Vj-135,Activo,6/5/2017,-0.69,-0.69,1
Vj-136,Activo,6/5/2017,-16.38,-16.38,1
Vj-138,Activo,6/27/2017,-1.68,-1.68,1
Vj-143,Activo,6/27/2017,-4.5,-4.5,1
Vj-148,Activo,6/1/2017,-8.42,-8.42,1
Vj-150,Activo,6/1/2017,-7.24,-7.24,1
Vj-24,Activo,11/29/2016,-5.42,-5.42,1
Vj-43,Activo,11/29/2016,-3.4,-3.4,1
Vj-46,Activo,11/20/2016,-1.22,-1.22,1
Vj-54,Activo,11/28/2016,-4.37,-4.37,1
Vj-57,Activo,6/5/2017,-3.75,-3.75,1
Vj-60,Activo,6/5/2017,-4.91,-4.91,1
Vj-88,Activo,6/7/2017,-6.61,-6.61,1
Vj-90,Activo,11/30/2016,-5.24,-5.24,1
Vj-95,Activo,6/27/2017,-5.48,-5.48,1
Vj-95,Activo,11/30/2016,-6.38,-6.38,1
vlv-86,Activo,6/28/2017,-5.61,-5.61,1
vlv-91,Activo,6/27/2017,-13.48,-13.48,1
vlv-92,Activo,6/27/2017,-4.38,-4.38,1
vlv-93,Activo,6/27/2017,-8.8,-8.8,1
vo-22,Activo,6/27/2017,-21.2,-21.2,1
vo-46,Activo,6/29/2017,-26.15,-26.15,1
vo-62,Activo,6/29/2017,-16.64,-16.64,1
vo-65,Activo,6/27/2017,-5.35,-5.35,1
vo-72,Activo,6/29/2017,-1.62,-1.62,1
vo-76,Activo,6/27/2017,-2.16,-2.16,1
Vo-76,Activo,10/20/2016,-4.74,-4.74,1
vo-77,Activo,6/27/2017,-9.28,-9.28,1
vo-81,Activo,6/29/2017,-3.33,-3.33,1
Vp-1,Activo,6/21/2017,-3.51,-3.51,1
Vp-105,Activo,6/5/2017,-1.39,-1.39,1
Vp-106,Activo,6/5/2017,-1.28,-1.28,1
Vp-114,Activo,10/14/2016,-7.18,-7.18,1
Vp-115,Activo,10/18/2016,-8.56,-8.56,1
Vp-120,Activo,6/27/2017,-3.65,-3.65,1
Vp-124,Activo,7/7/2017,-1.6,-1.6,1
Vp-128,Activo,7/12/2017,-3.67,-3.67,1
Vp-129,Activo,6/7/2017,-2.9,-2.9,1
Vp-129,Activo,10/18/2016,-5.43,-5.43,1
Vp-132,Activo,7/5/2017,-1.9,-1.9,1
Vp-134,Activo,7/6/2017,-6.15,-6.15,1
Vp-14,Activo,6/21/2017,-4.05,-4.05,1
Vp-15,Activo,6/9/2017,-4.45,-4.45,1
Vp-169,Activo,6/2/2017,-1.5,-1.5,1
Vp-17,Activo,6/9/2017,-4.4,-4.4,1
Vp-173,Activo,6/12/2017,-4.63,-4.63,1
Vp-173,Activo,11/8/2016,-8.3,-8.3,1
Vp-174,Activo,6/2/2017,-1.52,-1.52,1
Vp-175,Activo,7/11/2017,-6.16,-6.16,1
Vp-176,Activo,6/12/2017,-4,-4,1
Vp-179,Activo,6/14/2017,-3.23,-3.23,1
Vp-18,Activo,6/16/2017,-1.98,-1.98,1
Vp-183,Activo,6/29/2017,-3.76,-3.76,1
Vp-195,Activo,6/13/2017,-5,-5,1
Vp-196,Activo,11/21/2016,-7.66,-7.66,1
Vp-197,Activo,6/6/2017,-8.92,-8.92,1
Vp-197,Activo,11/21/2016,-10.68,-10.68,1
Vp-198,Activo,11/21/2016,-7.2,-7.2,1
Vp-204,Activo,10/25/2016,-5.33,-5.33,1
Vp-207,Activo,7/7/2017,-4.92,-4.92,1
Vp-208,Activo,6/13/2017,-5.98,-5.98,1
Vp-209,Activo,6/13/2017,-2.32,-2.32,1
Vp-211,Activo,7/7/2017,-4.2,-4.2,1
Vp-212,Activo,6/9/2017,-18.06,-18.06,1
Vp-213,Activo,6/8/2017,-25.55,-25.55,1
Vp-214,Activo,6/2/2017,-4.12,-4.12,1
Vp-217,Activo,6/29/2017,-15.6,-15.6,1
Vp-218,Activo,6/5/2017,-2.86,-2.86,1
Vp-219,Activo,6/12/2017,-3.63,-3.63,1
Vp-22,Activo,6/9/2017,-3.56,-3.56,1
Vp-222,Activo,6/13/2017,-8.2,-8.2,1
Vp-229,Activo,6/9/2017,-5.53,-5.53,1
Vp-230,Activo,6/8/2017,-6.99,-6.99,1
Vp-236,Activo,6/7/2017,-3.16,-3.16,1
Vp-237,Activo,6/8/2017,-10.4,-10.4,1
Vp-24,Activo,10/21/2016,-8.35,-8.35,1
Vp-242,Activo,6/13/2017,-4.19,-4.19,1
Vp-244,Activo,10/28/2016,-4.54,-4.54,1
Vp-247,Activo,10/14/2016,-6.12,-6.12,1
Vp-250,Activo,10/12/2016,-4.4,-4.4,1
Vp-251,Activo,6/15/2017,-29.88,-29.88,1
Vp-252,Activo,6/6/2017,-37.61,-37.61,1
Vp-257,Activo,6/1/2017,-2.32,-2.32,1
Vp-262,Activo,10/24/2016,-5.11,-5.11,1
Vp-263,Activo,6/23/2017,-2.33,-2.33,1
Vp-263,Activo,10/24/2016,-5.68,-5.68,1
Vp-264,Activo,6/30/2017,-2.83,-2.83,1
Vp-268,Activo,10/28/2016,-4.39,-4.39,1
Vp-270,Activo,11/21/2016,-13.44,-13.44,1
Vp-272,Activo,7/7/2017,-1.72,-1.72,1
Vp-276,Activo,6/13/2017,-15.64,-15.64,1
Vp-28,Activo,7/6/2017,-21,-21,1
Vp-282,Activo,10/24/2016,-5.63,-5.63,1
Vp-284,Activo,6/27/2017,-7.08,-7.08,1
Vp-286,Activo,6/27/2017,-2.8,-2.8,1
Vp-288,Activo,11/28/2016,-6.5,-6.5,1
Vp-289,Activo,11/28/2016,-5.69,-5.69,1
Vp-290,Activo,10/24/2016,-2.89,-2.89,1
Vp-292,Activo,6/15/2017,-4.4,-4.4,1
Vp-297,Activo,6/9/2017,-6.8,-6.8,1
Vp-305,Activo,6/14/2017,-3.42,-3.42,1
Vp-305,Activo,10/26/2016,-9.18,-9.18,1
Vp-31,Activo,11/21/2016,-7.54,-7.54,1
Vp-313,Activo,6/12/2017,-2.83,-2.83,1
Vp-314,Activo,6/22/2017,-2.25,-2.25,1
Vp-316,Activo,6/12/2017,-3.34,-3.34,1
Vp-318,Activo,6/21/2017,-3.25,-3.25,1
Vp-318,Activo,11/4/2016,-4.88,-4.88,1
Vp-319,Activo,6/16/2017,-1.2,-1.2,1
Vp-319,Activo,11/28/2016,-4,-4,1
Vp-32,Activo,6/15/2017,-1.7,-1.7,1
Vp-322,Activo,6/30/2017,-6.6,-6.6,1
Vp-322,Activo,11/15/2016,-5.89,-5.89,1
Vp-324,Activo,6/20/2017,-5.78,-5.78,1
Vp-327,Activo,6/12/2017,-5.43,-5.43,1
Vp-329,Activo,6/16/2017,-2.87,-2.87,1
Vp-332,Activo,6/5/2017,-4.01,-4.01,1
Vp-335,Activo,6/2/2017,-5.68,-5.68,1
Vp-338,Activo,6/5/2017,-3.08,-3.08,1
Vp-339,Activo,6/12/2017,-5.44,-5.44,1
Vp-341,Activo,6/7/2017,-5.86,-5.86,1
Vp-341,Activo,11/15/2016,-5.7,-5.7,1
Vp-342,Activo,6/20/2017,-3.83,-3.83,1
Vp-346,Activo,6/20/2017,-5.41,-5.41,1
Vp-348,Activo,6/27/2017,-6.62,-6.62,1
Vp-349,Activo,7/4/2017,-1.47,-1.47,1
Vp-350,Activo,6/5/2017,-3.57,-3.57,1
Vp-350,Activo,11/18/2016,-4.2,-4.2,1
Vp-353,Activo,6/27/2017,-5,-5,1
Vp-354,Activo,7/4/2017,-1.2,-1.2,1
Vp-355,Activo,6/2/2017,-4,-4,1
Vp-357,Activo,6/12/2017,-6.15,-6.15,1
Vp-358,Activo,7/10/2017,-3.73,-3.73,1
Vp-358,Activo,11/30/2016,-6.44,-6.44,1
Vp-359,Activo,6/6/2017,-8.2,-8.2,1
Vp-361,Activo,7/13/2017,-3.01,-3.01,1
Vp-364,Activo,6/29/2017,-5.47,-5.47,1
Vp-364,Activo,11/29/2016,-6.02,-6.02,1
Vp-369,Activo,6/20/2017,-4.4,-4.4,1
Vp-374,Activo,6/2/2017,-3.12,-3.12,1
Vp-375,Activo,6/12/2017,-4.02,-4.02,1
Vp-377,Activo,6/20/2017,-2.97,-2.97,1
Vp-378,Activo,6/12/2017,-4.27,-4.27,1
Vp-382,Activo,7/4/2017,-1.43,-1.43,1
Vp-385,Activo,6/27/2017,-5.24,-5.24,1
Vp-385,Activo,11/15/2016,-8.16,-8.16,1
Vp-387,Activo,10/19/2016,-3.8,-3.8,1
Vp-389,Activo,6/2/2017,-8.1,-8.1,1
Vp-390,Activo,6/13/2017,-4.6,-4.6,1
Vp-391,Activo,7/11/2017,-8,-8,1
Vp-396,Activo,6/22/2017,-5.8,-5.8,1
Vp-398,Activo,6/14/2017,-4.75,-4.75,1
Vp-399,Activo,7/11/2017,-3.63,-3.63,1
Vp-41,Activo,10/14/2016,-4.13,-4.13,1
Vp-42,Activo,6/30/2017,-2.15,-2.15,1
Vp-454,Activo,6/30/2017,-4.68,-4.68,1
Vp-454,Activo,11/15/2016,-6.8,-6.8,1
Vp-46,Activo,6/1/2017,-5.84,-5.84,1
Vp-461,Activo,6/16/2017,-3.96,-3.96,1
Vp-461,Activo,11/1/2016,-4.42,-4.42,1
Vp-462,Activo,11/28/2016,-6.2,-6.2,1
Vp-463,Activo,6/22/2017,-3,-3,1
Vp-466,Activo,7/11/2017,-3.89,-3.89,1
Vp-466,Activo,11/30/2016,-6.67,-6.67,1
Vp-468,Activo,6/8/2017,-4.04,-4.04,1
Vp-469,Activo,6/5/2017,-3.59,-3.59,1
Vp-471,Activo,10/11/2016,-16.86,-16.86,1
Vp-473,Activo,6/12/2017,-2.83,-2.83,1
Vp-476,Activo,6/21/2017,-3.02,-3.02,1
Vp-478,Activo,6/12/2017,-3.13,-3.13,1
Vp-479,Activo,6/20/2017,-13.58,-13.58,1
Vp-479,Activo,10/25/2016,-18.92,-18.92,1
Vp-481,Activo,10/24/2016,-5.51,-5.51,1
Vp-484,Activo,7/11/2017,-7.1,-7.1,1
Vp-486,Activo,7/4/2017,-1.64,-1.64,1
Vp-487,Activo,7/4/2017,-0.8,-0.8,1
Vp-488,Activo,6/21/2017,-3.27,-3.27,1
Vp-488,Activo,11/4/2016,-5.4,-5.4,1
Vp-49,Activo,6/12/2017,-19.72,-19.72,1
Vp-491,Activo,6/15/2017,-2.5,-2.5,1
Vp-497,Activo,6/13/2017,-10.54,-10.54,1
Vp-497,Activo,11/22/2016,-12.8,-12.8,1
Vp-498,Activo,6/27/2017,-4.74,-4.74,1
Vp-500,Activo,6/8/2017,-6.32,-6.32,1
Vp-500,Activo,11/18/2016,-9.43,-9.43,1
Vp-501,Activo,6/8/2017,-7.92,-7.92,1
Vp-502,Activo,6/22/2017,-3.6,-3.6,1
Vp-503,Activo,6/13/2017,-3.36,-3.36,1
Vp-504,Activo,6/2/2017,-1.95,-1.95,1
Vp-505,Activo,7/13/2017,-3.18,-3.18,1
Vp-505,Activo,11/30/2016,-4.52,-4.52,1
Vp-508,Activo,6/13/2017,-7.85,-7.85,1
Vp-509,Activo,6/13/2017,-19.94,-19.94,1
Vp-509,Activo,11/22/2016,-15.62,-15.62,1
Vp-511,Activo,6/20/2017,-4.18,-4.18,1
Vp-512,Activo,6/9/2017,-5,-5,1
Vp-515,Activo,7/10/2017,-4.09,-4.09,1
Vp-516,Activo,6/29/2017,-4.82,-4.82,1
Vp-522,Activo,6/20/2017,-5.38,-5.38,1
Vp-523,Activo,6/13/2017,-6.82,-6.82,1
Vp-526,Activo,6/14/2017,-3.3,-3.3,1
Vp-526,Activo,10/26/2016,-6.5,-6.5,1
Vp-529,Activo,10/24/2016,-5.36,-5.36,1
Vp-533,Activo,6/21/2017,-2.1,-2.1,1
Vp-533,Activo,11/4/2016,-3.9,-3.9,1
Vp-534,Activo,6/20/2017,-4.41,-4.41,1
Vp-539,Activo,6/7/2017,-6.41,-6.41,1
Vp-540,Activo,6/9/2017,-5.06,-5.06,1
Vp-542,Activo,10/28/2016,-4.25,-4.25,1
Vp-543,Activo,7/13/2017,-3.12,-3.12,1
Vp-543,Activo,11/28/2016,-4,-4,1
Vp-544,Activo,6/6/2017,-21.28,-21.28,1
Vp-545,Activo,6/27/2017,-21.08,-21.08,1
Vp-546,Activo,6/9/2017,-3.91,-3.91,1
Vp-547,Activo,7/5/2017,-3.35,-3.35,1
Vp-549,Activo,6/5/2017,-1.66,-1.66,1
Vp-554,Activo,7/10/2017,-6.4,-6.4,1
Vp-555,Activo,6/5/2017,-3.33,-3.33,1
Vp-556,Activo,7/4/2017,-1.15,-1.15,1
Vp-557,Activo,6/21/2017,-3.21,-3.21,1
Vp-559,Activo,6/9/2017,-5.19,-5.19,1
Vp-562,Activo,7/7/2017,-4,-4,1
Vp-562,Activo,10/31/2016,-5.17,-5.17,1
Vp-564,Activo,7/4/2017,-1.95,-1.95,1
Vp-566,Activo,7/4/2017,-5,-5,1
Vp-567,Activo,6/5/2017,-2.48,-2.48,1
Vp-570,Activo,7/20/2017,-3.75,-3.75,1
Vp-571,Activo,6/9/2017,-5.17,-5.17,1
Vp-572,Activo,6/9/2017,-5.2,-5.2,1
Vp-573,Activo,6/6/2017,-15,-15,1
Vp-575,Activo,10/21/2016,-4.34,-4.34,1
Vp-576,Activo,6/15/2017,-5.68,-5.68,1
Vp-578,Activo,6/20/2017,-7.51,-7.51,1
Vp-579,Activo,6/7/2017,-1.08,-1.08,1
Vp-583,Activo,6/20/2017,-6.2,-6.2,1
Vp-585,Activo,6/20/2017,-10.71,-10.71,1
Vp-588,Activo,6/7/2017,-1.07,-1.07,1
Vp-590,Activo,6/13/2017,-3.25,-3.25,1
Vp-591,Activo,6/30/2017,-5.47,-5.47,1
Vp-593,Activo,10/28/2016,-8.2,-8.2,1
Vp-602,Activo,6/6/2017,-22.64,-22.64,1
Vp-604,Activo,6/6/2017,-37.66,-37.66,1
Vp-605,Activo,7/4/2017,-2.3,-2.3,1
Vp-610,Activo,6/20/2017,-5.44,-5.44,1
Vp-613,Activo,7/6/2017,-1.96,-1.96,1
Vp-614,Activo,6/8/2017,-25.78,-25.78,1
Vp-615,Activo,7/13/2017,-3.04,-3.04,1
Vp-615,Activo,10/28/2016,-4.35,-4.35,1
Vp-618,Activo,10/18/2016,-4.18,-4.18,1
Vp-619,Activo,7/5/2017,-2.32,-2.32,1
Vp-62,Activo,11/9/2016,-11.32,-11.32,1
Vp-624,Activo,10/28/2016,-3.64,-3.64,1
Vp-625,Activo,6/5/2017,-4.5,-4.5,1
Vp-625,Activo,10/14/2016,-8.3,-8.3,1
Vp-626,Activo,6/5/2017,-2.73,-2.73,1
Vp-63,Activo,6/13/2017,-10.77,-10.77,1
Vp-630,Activo,7/4/2017,-1.72,-1.72,1
Vp-632,Activo,6/16/2017,-3.63,-3.63,1
Vp-632,Activo,10/21/2016,-4.36,-4.36,1
Vp-633,Activo,6/14/2017,-41.68,-41.68,1
Vp-634,Activo,10/19/2016,-5.43,-5.43,1
Vp-635,Activo,6/30/2017,-1.67,-1.67,1
Vp-636,Activo,6/23/2017,-1.16,-1.16,1
Vp-637,Activo,6/23/2017,-1.85,-1.85,1
Vp-639,Activo,7/11/2017,-9,-9,1
Vp-640,Activo,6/20/2017,-8.48,-8.48,1
Vp-643,Activo,6/12/2017,-20.89,-20.89,1
Vp-644,Activo,6/14/2017,-6.02,-6.02,1
Vp-645,Activo,6/5/2017,-4.18,-4.18,1
Vp-646,Activo,6/2/2017,-2.32,-2.32,1
Vp-654,Activo,6/22/2017,-26.68,-26.68,1
Vp-655,Activo,6/16/2017,-5.08,-5.08,1
Vp-656,Activo,6/30/2017,-5.35,-5.35,1
Vp-658,Activo,7/6/2017,-6.45,-6.45,1
Vp-659,Activo,6/8/2017,-13.94,-13.94,1
Vp-660,Activo,7/13/2017,-2.2,-2.2,1
Vp-662,Activo,6/12/2017,-5.47,-5.47,1
Vp-664,Activo,6/14/2017,-16.26,-16.26,1
Vp-667,Activo,6/8/2017,-3.31,-3.31,1
Vp-670,Activo,6/7/2017,-0.87,-0.87,1
Vp-671,Activo,6/6/2017,-8.15,-8.15,1
Vp-671,Activo,11/21/2016,-8.65,-8.65,1
Vp-672,Activo,7/10/2017,-5.6,-5.6,1
Vp-673,Activo,6/27/2017,-3.7,-3.7,1
Vp-674,Activo,6/22/2017,-6.2,-6.2,1
Vp-676,Activo,6/12/2017,-3.26,-3.26,1
Vp-678,Activo,7/4/2017,-0.6,-0.6,1
Vp-680,Activo,6/29/2017,-13.48,-13.48,1
Vp-681,Activo,7/4/2017,-0.74,-0.74,1
Vp-682,Activo,11/30/2016,-6.4,-6.4,1
Vp-688,Activo,10/21/2016,-4.4,-4.4,1
Vp-69,Activo,11/28/2016,-7.9,-7.9,1
Vp-690,Activo,6/27/2017,-5.6,-5.6,1
Vp-693,Activo,6/8/2017,-10.18,-10.18,1
Vp-694,Activo,6/15/2017,-3.27,-3.27,1
Vp-695,Activo,6/21/2017,-2.1,-2.1,1
Vp-698,Activo,7/12/2017,-5.38,-5.38,1
Vp-698,Activo,11/23/2016,-7.52,-7.52,1
Vp-699,Activo,7/4/2017,-0.25,-0.25,1
Vp-702,Activo,6/22/2017,-2.2,-2.2,1
Vp-703,Activo,10/19/2016,-7.15,-7.15,1
Vp-704,Activo,7/6/2017,-4.46,-4.46,1
Vp-705,Activo,6/16/2017,-4.96,-4.96,1
Vp-706,Activo,6/20/2017,-5.89,-5.89,1
Vp-707,Activo,6/5/2017,-4.26,-4.26,1
Vp-708,Activo,6/5/2017,-1.9,-1.9,1
Vp-710,Activo,7/10/2017,-5.11,-5.11,1
Vp-711,Activo,7/4/2017,-5,-5,1
Vp-715,Activo,7/11/2017,-48.42,-48.42,1
Vp-718,Activo,7/4/2017,-1.14,-1.14,1
Vp-719,Activo,6/8/2017,-4,-4,1
Vp-722,Activo,6/6/2017,-9.9,-9.9,1
Vp-723,Activo,6/22/2017,-2.41,-2.41,1
Vp-726,Activo,6/27/2017,-3.56,-3.56,1
Vp-727,Activo,6/27/2017,-3.53,-3.53,1
Vp-728,Activo,6/29/2017,-7.34,-7.34,1
Vp-729,Activo,6/30/2017,-5.38,-5.38,1
Vp-730,Activo,7/7/2017,-4.82,-4.82,1
Vp-731,Activo,7/11/2017,-2.44,-2.44,1
Vp-732,Activo,6/15/2017,-4,-4,1
Vp-736,Activo,6/1/2017,-5,-5,1
Vp-738,Activo,6/21/2017,-2.65,-2.65,1
Vp-739,Activo,7/5/2017,-1.6,-1.6,1
Vp-741,Activo,6/22/2017,-1.05,-1.05,1
Vp-742,Activo,6/5/2017,-3.71,-3.71,1
Vp-745,Activo,7/6/2017,-3.97,-3.97,1
Vp-749,Activo,6/1/2017,-4.58,-4.58,1
Vp-75,Activo,6/6/2017,-5,-5,1
Vp-75,Activo,11/21/2016,-8.2,-8.2,1
Vp-753,Activo,6/1/2017,-4.16,-4.16,1
Vp-754,Activo,7/8/2017,-7.54,-7.54,1
Vp-755,Activo,6/14/2017,-4.3,-4.3,1
Vp-756,Activo,6/2/2017,-4.4,-4.4,1
Vp-757,Activo,6/2/2017,-4.7,-4.7,1
Vp-758,Activo,7/13/2017,-2.23,-2.23,1
Vp-759,Activo,6/27/2017,-5.12,-5.12,1
Vp-76,Activo,6/6/2017,-4.9,-4.9,1
Vp-76,Activo,11/21/2016,-12.1,-12.1,1
Vp-761,Activo,6/21/2017,-3.66,-3.66,1
Vp-765,Activo,6/2/2017,-4.74,-4.74,1
Vp-766,Activo,6/1/2017,-2.12,-2.12,1
Vp-767,Activo,7/6/2017,-4.05,-4.05,1
Vp-769,Activo,7/12/2017,-4,-4,1
Vp-770,Activo,6/8/2017,-2.3,-2.3,1
Vp-771,Activo,6/16/2017,-2.9,-2.9,1
Vp-772,Activo,6/16/2017,-3.14,-3.14,1
Vp-773,Activo,6/2/2017,-6.8,-6.8,1
Vp-775,Activo,7/10/2017,-2.38,-2.38,1
Vp-777,Activo,7/11/2017,-4.2,-4.2,1
Vp-779,Activo,6/30/2017,-3.2,-3.2,1
Vp-78,Activo,6/21/2017,-2.05,-2.05,1
Vp-780,Activo,6/13/2017,-12.95,-12.95,1
Vp-781,Activo,7/12/2017,-2.39,-2.39,1
Vp-784,Activo,6/1/2017,-1.3,-1.3,1
Vp-785,Activo,6/2/2017,-3.52,-3.52,1
Vp-786,Activo,6/2/2017,-1.32,-1.32,1
Vp-787,Activo,7/12/2017,-18.81,-18.81,1
Vp-79,Activo,6/16/2017,-4.04,-4.04,1
Vp-791,Activo,7/4/2017,-0.95,-0.95,1
Vp-792,Activo,7/15/2017,-8.47,-8.47,1
Vp-794,Activo,7/10/2017,-37.27,-37.27,1
Vp-798,Activo,6/30/2017,-3,-3,1
Vp-8,Activo,6/12/2017,-3.5,-3.5,1
Vp-800,Activo,6/1/2017,-2.33,-2.33,1
Vp-804,Activo,6/5/2017,-3.32,-3.32,1
Vp-810,Activo,6/5/2017,-3.76,-3.76,1
Vp-811,Activo,6/30/2017,-2.1,-2.1,1
Vp-812,Activo,6/30/2017,-6.06,-6.06,1
Vp-813,Activo,6/12/2017,-3.8,-3.8,1
Vp-818,Activo,6/15/2017,-5.16,-5.16,1
Vp-819,Activo,6/27/2017,-9.54,-9.54,1
Vp-82,Activo,6/16/2017,-3.63,-3.63,1
Vp-826,Activo,7/6/2017,-2.77,-2.77,1
Vp-827,Activo,6/16/2017,-3.23,-3.23,1
Vp-828,Activo,6/16/2017,-3.54,-3.54,1
Vp-830,Activo,6/16/2017,-3.26,-3.26,1
Vp-832,Activo,6/30/2017,-3.58,-3.58,1
Vp-833,Activo,6/7/2017,-36.34,-36.34,1
Vp-837,Activo,7/10/2017,-2.32,-2.32,1
Vp-838,Activo,7/10/2017,-3.21,-3.21,1
Vp-839,Activo,6/8/2017,-1.8,-1.8,1
Vp-840,Activo,6/8/2017,-2.34,-2.34,1
Vp-842,Activo,6/7/2017,-4,-4,1
Vp-843,Activo,7/10/2017,-4.35,-4.35,1
Vp-844,Activo,6/29/2017,-3.37,-3.37,1
Vp-847,Activo,6/7/2017,-2.58,-2.58,1
Vp-848,Activo,6/7/2017,-2.52,-2.52,1
Vp-851,Activo,6/6/2017,-5.2,-5.2,1
Vp-852,Activo,6/9/2017,-3.31,-3.31,1
Vp-853,Activo,7/11/2017,-10.05,-10.05,1
Vp-854,Activo,6/9/2017,-5.4,-5.4,1
Vp-857,Activo,6/23/2017,-4.61,-4.61,1
Vp-858,Activo,6/15/2017,-3.97,-3.97,1
Vp-859,Activo,6/5/2017,-2.6,-2.6,1
Vp-862,Activo,6/6/2017,-29.36,-29.36,1
Vp-864,Activo,6/8/2017,-3.39,-3.39,1
Vp-866,Activo,7/5/2017,-2.47,-2.47,1
Vp-867,Activo,6/22/2017,-1.85,-1.85,1
Vp-869,Activo,6/15/2017,-3.56,-3.56,1
Vp-870,Activo,6/2/2017,-3.31,-3.31,1
Vp-874,Activo,6/13/2017,-8.76,-8.76,1
Vp-95,Activo,11/15/2016,-5.06,-5.06,1
Vpr-100,Activo,6/16/2017,-2.1,-2.1,1
Vpr-101,Activo,6/16/2017,-8.8,-8.8,1
Vpr-102,Activo,6/16/2017,-4.2,-4.2,1
Vpr-104,Activo,6/14/2017,-6.5,-6.5,1
Vpr-105,Activo,6/20/2017,-8.54,-8.54,1
Vpr-106,Activo,6/20/2017,-7.8,-7.8,1
Vpr-107,Activo,6/16/2017,-11.1,-11.1,1
Vpr-110,Activo,6/15/2017,-3.83,-3.83,1
Vpr-111,Activo,6/16/2017,-15.34,-15.34,1
Vpr-112,Activo,6/20/2017,-8.5,-8.5,1
Vpr-113,Activo,6/20/2017,-8.67,-8.67,1
Vpr-114,Activo,6/13/2017,-9.05,-9.05,1
Vpr-116,Activo,6/20/2017,-4.8,-4.8,1
Vpr-117,Activo,6/16/2017,-7.1,-7.1,1
Vpr-118,Activo,6/16/2017,-7.8,-7.8,1
Vpr-13,Activo,6/20/2017,-3.8,-3.8,1
Vpr-16,Activo,6/13/2017,-4.6,-4.6,1
Vpr-17,Activo,6/16/2017,-5.8,-5.8,1
Vpr-20,Activo,6/16/2017,-13.8,-13.8,1
Vpr-20,Activo,11/16/2016,-12.88,-12.88,1
Vpr-28,Activo,6/16/2017,-11,-11,1
Vpr-28,Activo,11/16/2016,-27.9,-27.9,1
Vpr-31,Activo,6/13/2017,-2.97,-2.97,1
Vpr-36,Activo,6/15/2017,-5.03,-5.03,1
Vpr-43,Activo,6/13/2017,-4.1,-4.1,1
Vpr-46,Activo,6/20/2017,-14.6,-14.6,1
Vpr-51,Activo,6/15/2017,-10,-10,1
Vpr-56,Activo,6/14/2017,-6.4,-6.4,1
Vpr-57,Activo,11/22/2016,-9.68,-9.68,1
Vpr-58,Activo,11/23/2016,-9.48,-9.48,1
Vpr-67,Activo,11/16/2016,-8.04,-8.04,1
Vpr-69,Activo,6/20/2017,-9.35,-9.35,1
Vpr-7,Activo,11/22/2016,-4.69,-4.69,1
Vpr-70,Activo,6/15/2017,-3.95,-3.95,1
Vpr-71,Activo,6/15/2017,-8.97,-8.97,1
Vpr-73,Activo,6/16/2017,-8.01,-8.01,1
Vpr-74,Activo,11/23/2016,-8.54,-8.54,1
Vpr-75,Activo,11/18/2016,-5.84,-5.84,1
Vpr-77,Activo,6/16/2017,-4.03,-4.03,1
Vpr-79,Activo,6/20/2017,-8.65,-8.65,1
Vpr-80,Activo,6/20/2017,-9.6,-9.6,1
Vpr-81,Activo,6/15/2017,-15.9,-15.9,1
Vpr-84,Activo,6/13/2017,-3,-3,1
Vpr-85,Activo,6/14/2017,-9.85,-9.85,1
Vpr-86,Activo,11/21/2016,-9.65,-9.65,1
Vpr-87,Activo,11/22/2016,-7.32,-7.32,1
Vpr-88,Activo,6/15/2017,-2.32,-2.32,1
Vpr-91,Activo,6/14/2017,-6.22,-6.22,1
Vpr-92,Activo,6/20/2017,-9.5,-9.5,1
Vpr-93,Activo,6/14/2017,-6.8,-6.8,1
Vpr-94,Activo,6/16/2017,-24.4,-24.4,1
Vpr-98,Activo,6/20/2017,-8.33,-8.33,1
Vpr-99,Activo,6/20/2017,-7.68,-7.68,1
vro-92,Activo,6/29/2017,-8.58,-8.58,1
vro-93,Activo,6/29/2017,-10.7,-10.7,1
vsp-100,Activo,6/7/2017,-21.36,-21.36,1
vsp-105,Activo,6/7/2017,-13.02,-13.02,1
vsp-107,Activo,6/14/2017,-2.43,-2.43,1
vsp-119,Activo,6/16/2017,-21.56,-21.56,1
Vsp-119,Activo,10/21/2016,-38.6,-38.6,1
vsp-120,Activo,6/13/2017,-17.8,-17.8,1
vsp-123,Activo,6/16/2017,-9.14,-9.14,1
vsp-127,Activo,6/16/2017,-1.32,-1.32,1
vsp-134,Activo,6/13/2017,-12.16,-12.16,1
vsp-135,Activo,6/14/2017,-2.56,-2.56,1
vsp-141,Activo,6/7/2017,-1.37,-1.37,1
Vsp-141,Activo,10/21/2016,-57.8,-57.8,1
vsp-144,Activo,6/2/2017,-6.76,-6.76,1
vsp-149,Activo,6/27/2017,-16.23,-16.23,1
vsp-151,Activo,6/23/2017,-2.8,-2.8,1
vsp-154,Activo,6/13/2017,-20.9,-20.9,1
Vsp-161,Activo,6/13/2017,-7.16,-7.16,1
vsp-169,Activo,6/14/2017,-14.1,-14.1,1
vsp-171,Activo,6/16/2017,-3.41,-3.41,1
vsp-177,Activo,6/13/2017,-1.59,-1.59,1
vsp-178,Activo,6/14/2017,-4.06,-4.06,1
vsp-2,Activo,6/7/2017,-3.84,-3.84,1
vsp-24,Activo,6/13/2017,-3.9,-3.9,1
vsp-5,Activo,6/2/2017,-2.84,-2.84,1
vsp-51,Activo,6/14/2017,-4.8,-4.8,1
Vsp-51,Activo,10/13/2016,-18.34,-18.34,1
vsp-98,Activo,6/13/2017,-2.61,-2.61,1
vsp-99,Activo,6/13/2017,-2.98,-2.98,1
vtu-10,Activo,6/14/2017,-11.5,-11.5,1
vtu-108,Activo,6/21/2017,-7.45,-7.45,1
vtu-109,Activo,6/21/2017,-4.42,-4.42,1
vtu-11,Activo,6/14/2017,-4.51,-4.51,1
vtu-113,Activo,6/21/2017,-11.4,-11.4,1
vtu-118,Activo,6/20/2017,-11,-11,1
vtu-120,Activo,6/21/2017,-52.02,-52.02,1
vtu-122,Activo,6/20/2017,-4.14,-4.14,1
vtu-126,Activo,6/14/2017,-3.38,-3.38,1
vtu-130,Activo,6/20/2017,-1.64,-1.64,1
vtu-131,Activo,6/20/2017,-2.17,-2.17,1
vtu-132,Activo,6/21/2017,-1.35,-1.35,1
vtu-134,Activo,6/20/2017,-31.14,-31.14,1
vtu-136,Activo,6/14/2017,-8.96,-8.96,1
vtu-138,Activo,6/21/2017,-6.48,-6.48,1
vtu-140,Activo,6/14/2017,-0.85,-0.85,1
vtu-141,Activo,6/20/2017,-2.1,-2.1,1
vtu-142,Activo,6/14/2017,-12.32,-12.32,1
vtu-143,Activo,6/14/2017,-2.97,-2.97,1
vtu-146,Activo,6/20/2017,-2.96,-2.96,1
vtu-147,Activo,6/20/2017,-1.75,-1.75,1
vtu-153,Activo,6/21/2017,-15.95,-15.95,1
vtu-155,Activo,6/21/2017,-13.84,-13.84,1
vtu-156,Activo,6/20/2017,-3.92,-3.92,1
vtu-157,Activo,6/21/2017,-7.92,-7.92,1
vtu-160,Activo,6/20/2017,-3.94,-3.94,1
vtu-162,Activo,6/21/2017,-1.64,-1.64,1
vtu-163,Activo,6/21/2017,-3.18,-3.18,1
vtu-172,Activo,6/23/2017,-2.35,-2.35,1
vtu-173,Activo,6/20/2017,-2.5,-2.5,1
vtu-174,Activo,6/21/2017,-3.17,-3.17,1
vtu-175,Activo,6/20/2017,-20.2,-20.2,1
vtu-176,Activo,6/22/2017,-6.51,-6.51,1
vtu-177,Activo,6/21/2017,-38.46,-38.46,1
vtu-179,Activo,6/21/2017,-3.95,-3.95,1
vtu-186,Activo,6/21/2017,-14.45,-14.45,1
vtu-187,Activo,6/20/2017,-9.12,-9.12,1
vtu-193,Activo,6/21/2017,-3.28,-3.28,1
vtu-5,Activo,6/14/2017,-2.14,-2.14,1
vtu-7,Activo,6/20/2017,-1.92,-1.92,1
vtu-8,Activo,6/14/2017,-1.43,-1.43,1
vtu-90,Activo,6/21/2017,-13.56,-13.56,1
vun-46,Activo,6/26/2017,-1.15,-1.15,1
vun-61,Activo,6/29/2017,-8.68,-8.68,1
Vv-26,Activo,6/28/2017,-10,-10,1
Vv-27,Activo,6/13/2017,-10.85,-10.85,1
Vv-31,Activo,6/13/2017,-5.59,-5.59,1
Vv-35,Activo,6/13/2017,-2.34,-2.34,1
Vv-37,Activo,6/13/2017,-1.48,-1.48,1
Vv-41,Activo,6/13/2017,-1.25,-1.25,1
Vv-43,Activo,6/13/2017,-9.57,-9.57,1
Vv-45,Activo,6/13/2017,-13.1,-13.1,1
Vv-46,Activo,6/13/2017,-9.81,-9.81,1
Vv-49,Activo,6/28/2017,-8.19,-8.19,1
Vy-20,Activo,6/29/2017,-7.12,-7.12,1
Vy-41,Activo,6/29/2017,-2,-2,1
Vy-42,Activo,6/29/2017,-1.8,-1.8,1
Vy-45,Activo,6/29/2017,-4.78,-4.78,1
Vy-47,Activo,6/29/2017,-1.24,-1.24,1
Vy-51,Activo,6/29/2017,-6.65,-6.65,1
Vy-52,Activo,6/29/2017,-7.38,-7.38,1
Vy-53,Activo,6/29/2017,-3.86,-3.86,1
Vy-54,Activo,6/29/2017,-5.12,-5.12,1
Vy-55,Activo,6/29/2017,-5.43,-5.43,1
Vy-56,Activo,6/29/2017,-4.68,-4.68,1
Vy-57,Activo,6/29/2017,-2.69,-2.69,1
Vy-59,Activo,6/29/2017,-2.07,-2.07,1
Vy-61,Activo,6/29/2017,-5.31,-5.31,1
Vyu-100,Activo,6/12/2017,-3.72,-3.72,1
Vyu-102,Activo,6/14/2017,-10,-10,1
Vyu-106,Activo,6/12/2017,-6.04,-6.04,1
Vyu-108,Activo,6/21/2017,-9.64,-9.64,1
Vyu-110,Activo,6/12/2017,-21.61,-21.61,1
Vyu-111,Activo,6/8/2017,-1.83,-1.83,1
Vyu-115,Activo,6/12/2017,-9.56,-9.56,1
Vyu-121,Activo,6/15/2017,-5.61,-5.61,1
Vyu-122,Activo,6/15/2017,-5.09,-5.09,1
Vyu-126,Activo,6/12/2017,-5.92,-5.92,1
Vyu-132,Activo,6/5/2017,-5,-5,1
Vyu-133,Activo,6/20/2017,-11.08,-11.08,1
Vyu-155,Activo,6/14/2017,-6,-6,1
Vyu-171,Activo,6/15/2017,-5.04,-5.04,1
Vyu-176,Activo,6/8/2017,-1.74,-1.74,1
Vyu-179,Activo,6/14/2017,-12,-12,1
Vyu-180,Activo,6/12/2017,-7.18,-7.18,1
Vyu-183,Activo,6/13/2017,-19.72,-19.72,1
Vyu-189,Activo,6/28/2017,-14.78,-14.78,1
Vyu-191,Activo,6/12/2017,-5.04,-5.04,1
Vyu-208,Activo,6/20/2017,-4.51,-4.51,1
Vyu-212,Activo,6/12/2017,-3.55,-3.55,1
Vyu-24,Activo,6/12/2017,-17.7,-17.7,1
Vyu-259,Activo,6/20/2017,-10.11,-10.11,1
Vyu-260,Activo,6/9/2017,-14.7,-14.7,1
Vyu-266,Activo,6/28/2017,-17.36,-17.36,1
Vyu-267,Activo,6/9/2017,-3.02,-3.02,1
Vyu-268,Activo,6/11/2017,-7.9,-7.9,1
Vyu-270,Activo,6/28/2017,-17.2,-17.2,1
Vyu-272,Activo,6/9/2017,-2.75,-2.75,1
Vyu-274,Activo,6/22/2017,-18.98,-18.98,1
Vyu-276,Activo,6/28/2017,-20.72,-20.72,1
Vyu-277,Activo,6/28/2017,-3.03,-3.03,1
Vyu-278,Activo,6/14/2017,-8.42,-8.42,1
Vyu-279,Activo,6/20/2017,-6.87,-6.87,1
Vyu-280,Activo,6/14/2017,-32.33,-32.33,1
Vyu-281,Activo,6/20/2017,-14.89,-14.89,1
Vyu-282,Activo,6/8/2017,-6.09,-6.09,1
Vyu-283,Activo,6/15/2017,-14.72,-14.72,1
Vyu-287,Activo,6/15/2017,-5.58,-5.58,1
Vyu-290,Activo,6/14/2017,-26.81,-26.81,1
Vyu-291,Activo,6/9/2017,-11.92,-11.92,1
Vyu-292,Activo,6/12/2017,-13.64,-13.64,1
Vyu-294,Activo,6/20/2017,-2.79,-2.79,1
Vyu-295,Activo,6/9/2017,-15.14,-15.14,1
Vyu-297,Activo,6/20/2017,-5.63,-5.63,1
Vyu-298,Activo,6/20/2017,-3.17,-3.17,1
Vyu-299,Activo,6/9/2017,-12.12,-12.12,1
Vyu-300,Activo,6/8/2017,-2.73,-2.73,1
Vyu-302,Activo,6/8/2017,-16.85,-16.85,1
Vyu-303,Activo,6/22/2017,-17.61,-17.61,1
Vyu-304,Activo,6/15/2017,-4.44,-4.44,1
Vyu-307,Activo,6/21/2017,-2.52,-2.52,1
Vyu-308,Activo,6/8/2017,-4.81,-4.81,1
Vyu-309,Activo,6/28/2017,-15,-15,1
Vyu-311,Activo,6/20/2017,-9.04,-9.04,1
Vyu-313,Activo,6/14/2017,-4.85,-4.85,1
Vyu-316,Activo,6/8/2017,-17.26,-17.26,1
Vyu-318,Activo,6/15/2017,-11.3,-11.3,1
Vyu-32,Activo,6/9/2017,-10.5,-10.5,1
Vyu-320,Activo,6/8/2017,-7.63,-7.63,1
Vyu-321,Activo,6/12/2017,-4.34,-4.34,1
Vyu-322,Activo,6/12/2017,-25.48,-25.48,1
Vyu-323,Activo,6/15/2017,-4.84,-4.84,1
Vyu-324,Activo,6/20/2017,-7.72,-7.72,1
Vyu-325,Activo,6/9/2017,-6.25,-6.25,1
Vyu-326,Activo,6/14/2017,-9.81,-9.81,1
Vyu-327,Activo,6/8/2017,-7.76,-7.76,1
Vyu-329,Activo,6/21/2017,-3.48,-3.48,1
Vyu-33,Activo,6/14/2017,-2.43,-2.43,1
Vyu-330,Activo,6/14/2017,-10.29,-10.29,1
Vyu-333,Activo,6/22/2017,-9.9,-9.9,1
Vyu-334,Activo,6/12/2017,-1.7,-1.7,1
Vyu-336,Activo,6/12/2017,-7.41,-7.41,1
Vyu-337,Activo,6/21/2017,-5.87,-5.87,1
Vyu-338,Activo,6/8/2017,-2.03,-2.03,1
Vyu-340,Activo,6/21/2017,-4.44,-4.44,1
Vyu-341,Activo,6/20/2017,-9.51,-9.51,1
Vyu-342,Activo,6/8/2017,-4.61,-4.61,1
Vyu-343,Activo,6/21/2017,-3.21,-3.21,1
Vyu-344,Activo,6/21/2017,-3.98,-3.98,1
Vyu-345,Activo,6/21/2017,-3.74,-3.74,1
Vyu-347,Activo,6/14/2017,-17.81,-17.81,1
Vyu-348,Activo,6/21/2017,-3.34,-3.34,1
Vyu-349,Activo,6/21/2017,-4,-4,1
Vyu-350,Activo,6/12/2017,-3.89,-3.89,1
Vyu-51,Activo,6/9/2017,-22.81,-22.81,1
Vyu-54,Activo,6/9/2017,-7.82,-7.82,1
Vyu-55,Activo,6/20/2017,-6.78,-6.78,1
Vyu-56,Activo,6/20/2017,-5.56,-5.56,1
Vyu-61,Activo,6/9/2017,-4.93,-4.93,1
Vyu-68,Activo,6/28/2017,-18.81,-18.81,1
Vyu-7,Activo,6/13/2017,-13.61,-13.61,1
Vyu-71,Activo,6/12/2017,-8.16,-8.16,1
Vyu-88,Activo,6/15/2017,-4.61,-4.61,1
Vyu-93,Activo,6/8/2017,-14.31,-14.31,1
Vyu-94,Activo,6/12/2017,-12.36,-12.36,1
Vyu-98,Activo,6/20/2017,-8.07,-8.07,1
vz-43,Activo,6/27/2017,-5.03,-5.03,1
vz-45,Activo,6/27/2017,-1.82,-1.82,1
vz-53,Activo,6/23/2017,-2.25,-2.25,1
vz-78,Activo,6/23/2017,-3.18,-3.18,1
vz-82,Activo,6/23/2017,-4.69,-4.69,1
vz-83,Activo,6/27/2017,-0.94,-0.94,1
vz-85,Activo,6/22/2017,-5.42,-5.42,1
vz-86,Activo,6/23/2017,-5.65,-5.65,1
vz-89,Activo,6/22/2017,-31.12,-31.12,1
vz-90,Activo,6/22/2017,-4.56,-4.56,1
